case_1_index,case_2_index,input_distance,output_difference,case_1_trip_duration_days,case_1_miles_traveled,case_1_total_receipts_amount,case_1_actual_reimbursement,case_2_trip_duration_days,case_2_miles_traveled,case_2_total_receipts_amount,case_2_actual_reimbursement
20,290,3.0969,1.2278,5.0000,130.0000,306.9000,574.1000,3.0000,158.0000,1070.7400,1183.1600
20,414,3.5574,1.2665,5.0000,130.0000,306.9000,574.1000,3.0000,196.0000,1211.6800,1229.8700
20,419,3.9624,1.3058,5.0000,130.0000,306.9000,574.1000,3.0000,289.0000,1245.6700,1279.3100
20,430,3.8169,1.4782,5.0000,130.0000,306.9000,574.1000,2.0000,91.0000,1073.7600,1013.7800
20,675,3.1811,1.2012,5.0000,130.0000,306.9000,574.1000,3.0000,186.0000,1068.3100,1152.0400
20,942,3.5752,1.2882,5.0000,130.0000,306.9000,574.1000,3.0000,280.0000,1090.3700,1256.9200
20,984,3.3551,1.2148,5.0000,130.0000,306.9000,574.1000,3.0000,278.0000,994.9000,1167.7800
21,151,3.3099,1.2686,5.0000,173.0000,1337.9000,1443.9600,4.0000,69.0000,2321.4900,322.0000
21,159,3.8477,1.2813,5.0000,173.0000,1337.9000,1443.9600,10.0000,224.0000,407.5100,794.7000
21,442,3.8371,1.3486,5.0000,173.0000,1337.9000,1443.9600,8.0000,75.0000,315.7100,593.8300
21,547,2.7911,1.2874,5.0000,173.0000,1337.9000,1443.9600,8.0000,482.0000,1411.4900,631.8100
21,747,3.8256,1.2972,5.0000,173.0000,1337.9000,1443.9600,10.0000,87.0000,498.9600,781.9700
21,794,3.8252,1.2208,5.0000,173.0000,1337.9000,1443.9600,10.0000,150.0000,418.4100,844.9000
21,890,3.9787,1.1801,5.0000,173.0000,1337.9000,1443.9600,7.0000,125.0000,193.6200,616.2400
24,114,3.2663,1.1678,5.0000,708.0000,1129.5200,1654.6200,5.0000,195.7300,1228.4900,511.2300
24,328,3.8052,1.2495,5.0000,708.0000,1129.5200,1654.6200,9.0000,368.0000,495.1200,847.3300
24,366,3.8156,1.3860,5.0000,708.0000,1129.5200,1654.6200,11.0000,740.0000,1171.9900,902.0900
24,433,3.4362,1.2233,5.0000,708.0000,1129.5200,1654.6200,5.0000,210.0000,710.4900,483.3400
24,547,2.4759,1.4232,5.0000,708.0000,1129.5200,1654.6200,8.0000,482.0000,1411.4900,631.8100
24,683,2.6482,1.4032,5.0000,708.0000,1129.5200,1654.6200,8.0000,795.0000,1645.9900,644.6900
25,67,3.9668,1.2921,5.0000,261.0000,464.9400,621.1200,3.0000,606.0000,1184.2300,1364.5400
25,217,3.5070,1.2739,5.0000,261.0000,464.9400,621.1200,3.0000,375.0000,1346.2100,1339.9300
25,414,2.8499,1.1884,5.0000,261.0000,464.9400,621.1200,3.0000,196.0000,1211.6800,1229.8700
25,419,3.0516,1.2277,5.0000,261.0000,464.9400,621.1200,3.0000,289.0000,1245.6700,1279.3100
25,430,3.5190,1.4002,5.0000,261.0000,464.9400,621.1200,2.0000,91.0000,1073.7600,1013.7800
25,906,3.7320,1.2893,5.0000,261.0000,464.9400,621.1200,3.0000,512.0000,1251.6000,1360.7600
25,942,2.6566,1.2101,5.0000,261.0000,464.9400,621.1200,3.0000,280.0000,1090.3700,1256.9200
25,950,3.2377,1.3009,5.0000,261.0000,464.9400,621.1200,2.0000,274.0000,888.2400,917.7900
27,122,3.9921,1.2447,5.0000,521.0000,1448.5500,1624.0100,9.0000,259.9600,554.7400,835.5400
27,328,3.8697,1.2309,5.0000,521.0000,1448.5500,1624.0100,9.0000,368.0000,495.1200,847.3300
27,433,3.0352,1.2047,5.0000,521.0000,1448.5500,1624.0100,5.0000,210.0000,710.4900,483.3400
27,547,1.9639,1.4046,5.0000,521.0000,1448.5500,1624.0100,8.0000,482.0000,1411.4900,631.8100
27,678,3.9268,1.1708,5.0000,521.0000,1448.5500,1624.0100,6.0000,170.0000,476.9900,600.2300
27,683,2.7776,1.3846,5.0000,521.0000,1448.5500,1624.0100,8.0000,795.0000,1645.9900,644.6900
29,328,3.9494,1.2214,5.0000,811.0000,952.3900,1608.6000,9.0000,368.0000,495.1200,847.3300
29,366,3.8627,1.3578,5.0000,811.0000,952.3900,1608.6000,11.0000,740.0000,1171.9900,902.0900
29,433,3.8299,1.1952,5.0000,811.0000,952.3900,1608.6000,5.0000,210.0000,710.4900,483.3400
29,547,2.9988,1.3951,5.0000,811.0000,952.3900,1608.6000,8.0000,482.0000,1411.4900,631.8100
29,614,3.9817,1.1825,5.0000,811.0000,952.3900,1608.6000,11.0000,816.0000,544.9900,1077.1200
29,683,2.8854,1.3751,5.0000,811.0000,952.3900,1608.6000,8.0000,795.0000,1645.9900,644.6900
32,84,3.6225,1.2643,5.0000,262.0000,1173.7900,1485.5900,10.0000,424.0000,474.9900,831.9600
32,118,3.8319,1.1647,5.0000,262.0000,1173.7900,1485.5900,9.0000,310.6900,239.6400,828.1600
32,125,3.3546,1.1620,5.0000,262.0000,1173.7900,1485.5900,9.0000,332.3500,374.6100,830.4500
32,151,3.9935,1.2969,5.0000,262.0000,1173.7900,1485.5900,4.0000,69.0000,2321.4900,322.0000
32,159,3.6252,1.3096,5.0000,262.0000,1173.7900,1485.5900,10.0000,224.0000,407.5100,794.7000
32,226,3.9839,1.2579,5.0000,262.0000,1173.7900,1485.5900,10.0000,377.0000,301.9600,837.3600
32,442,3.8884,1.3770,5.0000,262.0000,1173.7900,1485.5900,8.0000,75.0000,315.7100,593.8300
32,547,2.4144,1.3158,5.0000,262.0000,1173.7900,1485.5900,8.0000,482.0000,1411.4900,631.8100
32,561,3.8118,1.1599,5.0000,262.0000,1173.7900,1485.5900,10.0000,472.0000,431.9500,924.6500
32,747,3.9131,1.3256,5.0000,262.0000,1173.7900,1485.5900,10.0000,87.0000,498.9600,781.9700
32,794,3.7368,1.2491,5.0000,262.0000,1173.7900,1485.5900,10.0000,150.0000,418.4100,844.9000
32,890,3.8480,1.2085,5.0000,262.0000,1173.7900,1485.5900,7.0000,125.0000,193.6200,616.2400
32,899,3.8330,1.3228,5.0000,262.0000,1173.7900,1485.5900,11.0000,273.0000,502.3700,862.6100
36,84,3.2522,1.1829,5.0000,414.0000,967.0000,1368.9400,10.0000,424.0000,474.9900,831.9600
36,159,3.6062,1.2281,5.0000,414.0000,967.0000,1368.9400,10.0000,224.0000,407.5100,794.7000
36,226,3.6489,1.1765,5.0000,414.0000,967.0000,1368.9400,10.0000,377.0000,301.9600,837.3600
36,547,2.2720,1.2343,5.0000,414.0000,967.0000,1368.9400,8.0000,482.0000,1411.4900,631.8100
36,683,3.7591,1.2143,5.0000,414.0000,967.0000,1368.9400,8.0000,795.0000,1645.9900,644.6900
36,794,3.8868,1.1676,5.0000,414.0000,967.0000,1368.9400,10.0000,150.0000,418.4100,844.9000
36,899,3.7640,1.2413,5.0000,414.0000,967.0000,1368.9400,11.0000,273.0000,502.3700,862.6100
38,84,3.8040,1.2528,5.0000,764.0000,848.7500,1468.4600,10.0000,424.0000,474.9900,831.9600
38,366,3.8922,1.2670,5.0000,764.0000,848.7500,1468.4600,11.0000,740.0000,1171.9900,902.0900
38,547,2.9338,1.3042,5.0000,764.0000,848.7500,1468.4600,8.0000,482.0000,1411.4900,631.8100
38,683,3.1188,1.2843,5.0000,764.0000,848.7500,1468.4600,8.0000,795.0000,1645.9900,644.6900
39,697,3.8120,1.2549,5.0000,249.0000,873.7500,1185.2400,9.0000,52.0000,350.5800,601.8100
39,924,3.8876,1.3098,5.0000,249.0000,873.7500,1185.2400,11.0000,198.0000,269.9500,695.6600
39,940,3.7810,1.2247,5.0000,249.0000,873.7500,1185.2400,7.0000,83.0000,137.8400,482.6500
56,568,3.7880,1.2097,10.0000,223.0000,745.8900,1037.4500,4.0000,199.0000,1310.0100,1400.5700
64,84,3.8562,1.2756,5.0000,770.0000,873.3300,1502.4900,10.0000,424.0000,474.9900,831.9600
64,366,3.8796,1.2898,5.0000,770.0000,873.3300,1502.4900,11.0000,740.0000,1171.9900,902.0900
64,547,2.9246,1.3270,5.0000,770.0000,873.3300,1502.4900,8.0000,482.0000,1411.4900,631.8100
64,561,3.7874,1.1712,5.0000,770.0000,873.3300,1502.4900,10.0000,472.0000,431.9500,924.6500
64,683,3.0626,1.3071,5.0000,770.0000,873.3300,1502.4900,8.0000,795.0000,1645.9900,644.6900
67,114,3.4717,1.4850,3.0000,606.0000,1184.2300,1364.5400,5.0000,195.7300,1228.4900,511.2300
67,160,3.8785,1.2215,3.0000,606.0000,1184.2300,1364.5400,6.0000,383.0000,462.7900,800.3000
67,243,2.5484,1.4630,3.0000,606.0000,1184.2300,1364.5400,4.0000,286.0000,1063.4900,418.1700
67,433,3.7917,1.5406,3.0000,606.0000,1184.2300,1364.5400,5.0000,210.0000,710.4900,483.3400
67,500,3.8257,1.2062,3.0000,606.0000,1184.2300,1364.5400,3.0000,224.0000,358.7700,406.3600
67,547,3.7721,1.7404,3.0000,606.0000,1184.2300,1364.5400,8.0000,482.0000,1411.4900,631.8100
67,710,2.5961,1.2171,3.0000,606.0000,1184.2300,1364.5400,5.0000,516.0000,1878.4900,669.8500
68,243,3.7873,1.3765,3.0000,842.0000,865.3700,1251.1400,4.0000,286.0000,1063.4900,418.1700
71,88,2.5756,1.2788,2.0000,713.0000,740.3300,1048.2800,2.0000,384.0000,495.4900,290.3600
71,89,3.4803,1.2265,2.0000,713.0000,740.3300,1048.2800,5.0000,754.0000,489.9900,765.1300
72,88,3.6997,1.2423,3.0000,874.0000,1191.4000,1515.9900,2.0000,384.0000,495.4900,290.3600
72,89,3.4258,1.1901,3.0000,874.0000,1191.4000,1515.9900,5.0000,754.0000,489.9900,765.1300
72,710,3.5311,1.3221,3.0000,874.0000,1191.4000,1515.9900,5.0000,516.0000,1878.4900,669.8500
75,82,3.7056,1.1740,1.0000,601.0000,497.7000,644.1200,1.0000,263.0000,396.4900,198.4200
75,83,1.5746,1.3746,1.0000,601.0000,497.7000,644.1200,1.0000,451.0000,555.4900,162.1800
76,547,2.2370,1.1773,7.0000,817.0000,1127.8700,1809.9100,8.0000,482.0000,1411.4900,631.8100
76,683,1.7105,1.1573,7.0000,817.0000,1127.8700,1809.9100,8.0000,795.0000,1645.9900,644.6900
77,83,2.9309,1.8627,1.0000,606.0000,923.0000,1050.0500,1.0000,451.0000,555.4900,162.1800
79,88,2.4521,1.2043,3.0000,624.0000,1160.9200,1459.3400,2.0000,384.0000,495.4900,290.3600
79,114,3.5566,1.5521,3.0000,624.0000,1160.9200,1459.3400,5.0000,195.7300,1228.4900,511.2300
79,160,3.8912,1.2885,3.0000,624.0000,1160.9200,1459.3400,6.0000,383.0000,462.7900,800.3000
79,243,2.6284,1.5301,3.0000,624.0000,1160.9200,1459.3400,4.0000,286.0000,1063.4900,418.1700
79,341,3.9507,1.1683,3.0000,624.0000,1160.9200,1459.3400,6.0000,628.0000,311.4700,903.3000
79,433,3.8443,1.6076,3.0000,624.0000,1160.9200,1459.3400,5.0000,210.0000,710.4900,483.3400
79,500,3.8565,1.2732,3.0000,624.0000,1160.9200,1459.3400,3.0000,224.0000,358.7700,406.3600
79,547,3.8107,1.8075,3.0000,624.0000,1160.9200,1459.3400,8.0000,482.0000,1411.4900,631.8100
79,710,2.6722,1.2841,3.0000,624.0000,1160.9200,1459.3400,5.0000,516.0000,1878.4900,669.8500
79,990,3.9488,1.2144,3.0000,624.0000,1160.9200,1459.3400,3.0000,175.0000,440.1900,431.1700
80,96,3.2269,1.2331,4.0000,650.0000,619.4900,676.3800,2.0000,782.1700,830.7200,1165.4400
80,158,3.7381,1.3827,4.0000,650.0000,619.4900,676.3800,2.0000,753.0000,1111.1600,1353.8700
80,342,3.4798,1.3145,4.0000,650.0000,619.4900,676.3800,2.0000,500.0000,1246.4800,1264.5300
80,719,2.9391,1.2311,4.0000,650.0000,619.4900,676.3800,2.0000,616.0000,968.9300,1163.1000
80,754,3.3663,1.2149,4.0000,650.0000,619.4900,676.3800,2.0000,752.0000,958.2900,1144.4100
81,217,3.3047,1.4431,6.0000,204.0000,818.9900,628.4000,3.0000,375.0000,1346.2100,1339.9300
81,290,2.2249,1.3189,6.0000,204.0000,818.9900,628.4000,3.0000,158.0000,1070.7400,1183.1600
81,322,2.9596,1.2247,6.0000,204.0000,818.9900,628.4000,4.0000,262.0000,1681.2800,1435.3400
81,347,3.6509,1.4466,6.0000,204.0000,818.9900,628.4000,3.0000,213.0000,1724.8500,1344.7100
81,370,3.3662,1.2435,6.0000,204.0000,818.9900,628.4000,2.0000,301.0000,769.2300,731.2800
81,379,3.3749,1.1853,6.0000,204.0000,818.9900,628.4000,5.0000,654.0000,1272.8900,1724.6800
81,386,3.8609,1.1604,6.0000,204.0000,818.9900,628.4000,5.0000,651.0000,1573.3000,1682.0800
81,414,2.5058,1.3576,6.0000,204.0000,818.9900,628.4000,3.0000,196.0000,1211.6800,1229.8700
81,419,2.8193,1.3969,6.0000,204.0000,818.9900,628.4000,3.0000,289.0000,1245.6700,1279.3100
81,430,3.2848,1.5693,6.0000,204.0000,818.9900,628.4000,2.0000,91.0000,1073.7600,1013.7800
81,464,2.4338,1.2385,6.0000,204.0000,818.9900,628.4000,4.0000,217.0000,1506.4600,1455.3700
81,526,3.5540,1.4677,6.0000,204.0000,818.9900,628.4000,3.0000,133.0000,1728.5000,1373.4000
81,568,1.9588,1.2003,6.0000,204.0000,818.9900,628.4000,4.0000,199.0000,1310.0100,1400.5700
81,617,3.9771,1.3889,6.0000,204.0000,818.9900,628.4000,3.0000,29.0000,1632.8500,1269.1000
81,675,2.2561,1.2924,6.0000,204.0000,818.9900,628.4000,3.0000,186.0000,1068.3100,1152.0400
81,690,3.3095,1.2114,6.0000,204.0000,818.9900,628.4000,4.0000,197.0000,1858.8400,1416.3300
81,724,2.6651,1.2344,6.0000,204.0000,818.9900,628.4000,4.0000,425.0000,1286.5400,1449.2600
81,822,2.9732,1.2576,6.0000,204.0000,818.9900,628.4000,4.0000,238.0000,1707.2800,1483.4800
81,888,3.3824,1.4419,6.0000,204.0000,818.9900,628.4000,3.0000,91.0000,1640.1500,1338.3000
81,893,3.7696,1.1633,6.0000,204.0000,818.9900,628.4000,5.0000,716.0000,1316.6000,1686.9800
81,906,3.7056,1.4585,6.0000,204.0000,818.9900,628.4000,3.0000,512.0000,1251.6000,1360.7600
81,923,3.1595,1.1960,6.0000,204.0000,818.9900,628.4000,4.0000,103.0000,1790.0700,1394.5500
81,942,2.5379,1.3793,6.0000,204.0000,818.9900,628.4000,3.0000,280.0000,1090.3700,1256.9200
81,945,3.3894,1.2812,6.0000,204.0000,818.9900,628.4000,4.0000,317.0000,1793.2800,1518.9300
81,950,3.4093,1.4701,6.0000,204.0000,818.9900,628.4000,2.0000,274.0000,888.2400,917.7900
81,962,3.8073,1.2468,6.0000,204.0000,818.9900,628.4000,4.0000,333.0000,1934.7600,1467.5200
81,984,2.4022,1.3059,6.0000,204.0000,818.9900,628.4000,3.0000,278.0000,994.9000,1167.7800
82,90,2.5855,1.2683,1.0000,263.0000,396.4900,198.4200,1.0000,344.4600,813.8500,707.8800
82,94,2.3768,1.1622,1.0000,263.0000,396.4900,198.4200,1.0000,362.7900,749.1900,636.5100
82,101,2.2799,1.3099,1.0000,263.0000,396.4900,198.4200,1.0000,257.9700,816.8100,738.0100
82,108,2.9184,1.3146,1.0000,263.0000,396.4900,198.4200,1.0000,388.1000,827.3700,741.4600
82,109,1.9847,1.1617,1.0000,263.0000,396.4900,198.4200,1.0000,264.3900,758.2700,636.1900
82,228,3.4680,1.3089,1.0000,263.0000,396.4900,198.4200,1.0000,458.0000,834.7000,737.2800
82,278,3.0007,1.4597,1.0000,263.0000,396.4900,198.4200,1.0000,303.0000,931.5300,857.4200
82,412,2.9769,1.4991,1.0000,263.0000,396.4900,198.4200,1.0000,211.0000,958.0800,891.9000
82,901,3.8886,1.2263,1.0000,263.0000,396.4900,198.4200,1.0000,620.0000,490.4500,678.7400
83,90,1.7003,1.4688,1.0000,451.0000,555.4900,162.1800,1.0000,344.4600,813.8500,707.8800
83,94,1.3302,1.3627,1.0000,451.0000,555.4900,162.1800,1.0000,362.7900,749.1900,636.5100
83,101,2.3779,1.5105,1.0000,451.0000,555.4900,162.1800,1.0000,257.9700,816.8100,738.0100
83,108,1.5649,1.5151,1.0000,451.0000,555.4900,162.1800,1.0000,388.1000,827.3700,741.4600
83,109,2.1796,1.3622,1.0000,451.0000,555.4900,162.1800,1.0000,264.3900,758.2700,636.1900
83,211,3.2895,1.9200,1.0000,451.0000,555.4900,162.1800,1.0000,620.0000,973.9100,1112.0200
83,228,1.5913,1.5095,1.0000,451.0000,555.4900,162.1800,1.0000,458.0000,834.7000,737.2800
83,278,2.4214,1.6602,1.0000,451.0000,555.4900,162.1800,1.0000,303.0000,931.5300,857.4200
83,412,3.1940,1.6996,1.0000,451.0000,555.4900,162.1800,1.0000,211.0000,958.0800,891.9000
83,596,1.0452,1.3305,1.0000,451.0000,555.4900,162.1800,1.0000,547.0000,573.6000,616.2700
83,901,1.7737,1.4269,1.0000,451.0000,555.4900,162.1800,1.0000,620.0000,490.4500,678.7400
83,982,3.6647,1.9187,1.0000,451.0000,555.4900,162.1800,1.0000,309.0000,1211.3700,1110.5500
84,184,3.7658,1.2586,10.0000,424.0000,474.9900,831.9600,5.0000,291.0000,1279.7000,1477.1200
84,329,3.9493,1.2194,10.0000,424.0000,474.9900,831.9600,6.0000,818.0000,1130.3800,1704.0600
84,363,3.7351,1.3065,10.0000,424.0000,474.9900,831.9600,5.0000,467.0000,1243.3100,1549.8200
84,447,3.7204,1.2509,10.0000,424.0000,474.9900,831.9600,5.0000,392.0000,1264.6000,1465.7200
84,492,3.6905,1.1619,10.0000,424.0000,474.9900,831.9600,6.0000,323.0000,1477.2300,1608.5500
84,684,3.8364,1.3051,10.0000,424.0000,474.9900,831.9600,4.0000,420.0000,927.7400,1238.0400
84,702,3.8247,1.2506,10.0000,424.0000,474.9900,831.9600,5.0000,691.0000,1030.6400,1465.2600
84,744,3.5322,1.2525,10.0000,424.0000,474.9900,831.9600,5.0000,579.0000,1018.5200,1468.0100
84,922,3.4242,1.2048,10.0000,424.0000,474.9900,831.9600,5.0000,406.0000,1084.1600,1399.3900
85,158,3.1787,1.1768,2.0000,565.0000,389.4900,415.9600,2.0000,753.0000,1111.1600,1353.8700
85,590,3.9210,1.2356,2.0000,565.0000,389.4900,415.9600,2.0000,636.0000,1438.1900,1435.9600
88,96,3.1977,1.3846,2.0000,384.0000,495.4900,290.3600,2.0000,782.1700,830.7200,1165.4400
88,158,3.6368,1.5342,2.0000,384.0000,495.4900,290.3600,2.0000,753.0000,1111.1600,1353.8700
88,342,2.8643,1.4661,2.0000,384.0000,495.4900,290.3600,2.0000,500.0000,1246.4800,1264.5300
88,430,3.1945,1.2454,2.0000,384.0000,495.4900,290.3600,2.0000,91.0000,1073.7600,1013.7800
88,491,2.8336,1.1749,2.0000,384.0000,495.4900,290.3600,3.0000,718.0000,1158.0200,1416.9800
88,590,3.9788,1.5930,2.0000,384.0000,495.4900,290.3600,2.0000,636.0000,1438.1900,1435.9600
88,699,3.6430,1.5023,2.0000,384.0000,495.4900,290.3600,2.0000,370.0000,1554.5000,1311.2300
88,719,2.5076,1.3826,2.0000,384.0000,495.4900,290.3600,2.0000,616.0000,968.9300,1163.1000
88,754,3.2661,1.3664,2.0000,384.0000,495.4900,290.3600,2.0000,752.0000,958.2900,1144.4100
88,766,3.6193,1.4938,2.0000,384.0000,495.4900,290.3600,2.0000,252.0000,1545.9400,1300.1900
88,823,3.8094,1.4804,2.0000,384.0000,495.4900,290.3600,2.0000,299.0000,1612.7000,1282.8000
88,895,3.6226,1.1767,2.0000,384.0000,495.4900,290.3600,3.0000,560.0000,1664.1500,1419.4800
89,96,3.8649,1.3323,5.0000,754.0000,489.9900,765.1300,2.0000,782.1700,830.7200,1165.4400
89,719,3.7996,1.3303,5.0000,754.0000,489.9900,765.1300,2.0000,616.0000,968.9300,1163.1000
90,581,3.0883,1.1600,1.0000,344.4600,813.8500,707.8800,1.0000,467.0000,296.4900,221.2300
96,281,3.9934,1.1789,2.0000,782.1700,830.7200,1165.4400,3.0000,471.0000,288.1900,535.6700
96,716,3.9105,1.1694,2.0000,782.1700,830.7200,1165.4400,5.0000,831.0000,432.8000,901.3600
101,172,3.5866,1.5858,1.0000,257.9700,816.8100,738.0100,1.0000,140.0000,255.9900,150.3400
101,581,3.4583,1.2016,1.0000,257.9700,816.8100,738.0100,1.0000,467.0000,296.4900,221.2300
108,581,3.0811,1.2063,1.0000,388.1000,827.3700,741.4600,1.0000,467.0000,296.4900,221.2300
109,172,3.3542,1.4375,1.0000,264.3900,758.2700,636.1900,1.0000,140.0000,255.9900,150.3400
111,290,3.2890,1.2605,6.0000,72.8500,457.7500,666.5900,3.0000,158.0000,1070.7400,1183.1600
111,414,3.7681,1.2991,6.0000,72.8500,457.7500,666.5900,3.0000,196.0000,1211.6800,1229.8700
111,430,3.9115,1.5109,6.0000,72.8500,457.7500,666.5900,2.0000,91.0000,1073.7600,1013.7800
111,464,3.9118,1.1801,6.0000,72.8500,457.7500,666.5900,4.0000,217.0000,1506.4600,1455.3700
111,675,3.4389,1.2339,6.0000,72.8500,457.7500,666.5900,3.0000,186.0000,1068.3100,1152.0400
111,942,3.9613,1.3208,6.0000,72.8500,457.7500,666.5900,3.0000,280.0000,1090.3700,1256.9200
111,984,3.7894,1.2474,6.0000,72.8500,457.7500,666.5900,3.0000,278.0000,994.9000,1167.7800
112,290,3.7085,1.3222,8.0000,297.6400,481.0900,835.0800,3.0000,158.0000,1070.7400,1183.1600
112,379,3.8640,1.1886,8.0000,297.6400,481.0900,835.0800,5.0000,654.0000,1272.8900,1724.6800
112,414,3.9488,1.3609,8.0000,297.6400,481.0900,835.0800,3.0000,196.0000,1211.6800,1229.8700
112,464,3.8730,1.2418,8.0000,297.6400,481.0900,835.0800,4.0000,217.0000,1506.4600,1455.3700
112,468,3.7266,1.1577,8.0000,297.6400,481.0900,835.0800,4.0000,627.0000,956.9800,1337.6300
112,568,3.4646,1.2036,8.0000,297.6400,481.0900,835.0800,4.0000,199.0000,1310.0100,1400.5700
112,675,3.6951,1.2957,8.0000,297.6400,481.0900,835.0800,3.0000,186.0000,1068.3100,1152.0400
112,724,3.6911,1.2376,8.0000,297.6400,481.0900,835.0800,4.0000,425.0000,1286.5400,1449.2600
112,942,3.8048,1.3826,8.0000,297.6400,481.0900,835.0800,3.0000,280.0000,1090.3700,1256.9200
112,984,3.6405,1.3092,8.0000,297.6400,481.0900,835.0800,3.0000,278.0000,994.9000,1167.7800
113,924,3.7850,1.1771,7.0000,237.3300,1262.2700,1452.1700,11.0000,198.0000,269.9500,695.6600
114,165,3.9721,1.8208,5.0000,195.7300,1228.4900,511.2300,2.0000,165.0000,1813.3200,1273.4500
114,174,3.9802,1.2333,5.0000,195.7300,1228.4900,511.2300,4.0000,87.0000,2463.9200,1413.5200
114,177,3.2838,1.2932,5.0000,195.7300,1228.4900,511.2300,4.0000,470.0000,1968.6300,1501.1000
114,217,2.4076,1.4669,5.0000,195.7300,1228.4900,511.2300,3.0000,375.0000,1346.2100,1339.9300
114,285,3.7806,1.5442,5.0000,195.7300,1228.4900,511.2300,3.0000,266.0000,2178.1600,1447.9500
114,290,1.4608,1.3427,5.0000,195.7300,1228.4900,511.2300,3.0000,158.0000,1070.7400,1183.1600
114,313,3.4026,1.2908,5.0000,195.7300,1228.4900,511.2300,4.0000,448.0000,2055.9700,1497.4600
114,322,1.7270,1.2485,5.0000,195.7300,1228.4900,511.2300,4.0000,262.0000,1681.2800,1435.3400
114,336,3.7442,1.2390,5.0000,195.7300,1228.4900,511.2300,5.0000,763.0000,1420.9400,1777.1400
114,347,2.4360,1.4704,5.0000,195.7300,1228.4900,511.2300,3.0000,213.0000,1724.8500,1344.7100
114,370,2.9384,1.2673,5.0000,195.7300,1228.4900,511.2300,2.0000,301.0000,769.2300,731.2800
114,379,2.9942,1.2091,5.0000,195.7300,1228.4900,511.2300,5.0000,654.0000,1272.8900,1724.6800
114,386,3.2428,1.1842,5.0000,195.7300,1228.4900,511.2300,5.0000,651.0000,1573.3000,1682.0800
114,414,1.5518,1.3814,5.0000,195.7300,1228.4900,511.2300,3.0000,196.0000,1211.6800,1229.8700
114,419,1.9111,1.4207,5.0000,195.7300,1228.4900,511.2300,3.0000,289.0000,1245.6700,1279.3100
114,430,2.5376,1.5932,5.0000,195.7300,1228.4900,511.2300,2.0000,91.0000,1073.7600,1013.7800
114,436,3.2149,1.2764,5.0000,195.7300,1228.4900,511.2300,4.0000,256.0000,2218.7400,1476.0300
114,464,1.1740,1.2624,5.0000,195.7300,1228.4900,511.2300,4.0000,217.0000,1506.4600,1455.3700
114,468,3.0084,1.1782,5.0000,195.7300,1228.4900,511.2300,4.0000,627.0000,956.9800,1337.6300
114,514,3.2398,1.3614,5.0000,195.7300,1228.4900,511.2300,4.0000,463.0000,1963.4100,1607.3400
114,517,3.9594,1.1720,5.0000,195.7300,1228.4900,511.2300,5.0000,586.0000,2135.3600,1661.6100
114,526,2.3390,1.4915,5.0000,195.7300,1228.4900,511.2300,3.0000,133.0000,1728.5000,1373.4000
114,568,0.7766,1.2241,5.0000,195.7300,1228.4900,511.2300,4.0000,199.0000,1310.0100,1400.5700
114,617,3.1682,1.4127,5.0000,195.7300,1228.4900,511.2300,3.0000,29.0000,1632.8500,1269.1000
114,666,2.9852,1.2971,5.0000,195.7300,1228.4900,511.2300,4.0000,348.0000,2047.0800,1507.0400
114,669,3.6505,1.3646,5.0000,195.7300,1228.4900,511.2300,4.0000,672.0000,1603.5200,1612.4300
114,675,1.4886,1.3162,5.0000,195.7300,1228.4900,511.2300,3.0000,186.0000,1068.3100,1152.0400
114,690,2.0363,1.2352,5.0000,195.7300,1228.4900,511.2300,4.0000,197.0000,1858.8400,1416.3300
114,724,1.9214,1.2582,5.0000,195.7300,1228.4900,511.2300,4.0000,425.0000,1286.5400,1449.2600
114,766,3.6069,1.8415,5.0000,195.7300,1228.4900,511.2300,2.0000,252.0000,1545.9400,1300.1900
114,772,3.7010,1.2815,5.0000,195.7300,1228.4900,511.2300,4.0000,275.0000,2359.6400,1483.5800
114,773,3.8655,1.2117,5.0000,195.7300,1228.4900,511.2300,5.0000,755.0000,1584.4100,1729.0800
114,784,3.2780,1.2871,5.0000,195.7300,1228.4900,511.2300,4.0000,422.0000,2049.7100,1491.9000
114,822,1.7145,1.2814,5.0000,195.7300,1228.4900,511.2300,4.0000,238.0000,1707.2800,1483.4800
114,823,3.9364,1.8281,5.0000,195.7300,1228.4900,511.2300,2.0000,299.0000,1612.7000,1282.8000
114,868,2.7646,1.2591,5.0000,195.7300,1228.4900,511.2300,4.0000,198.0000,2106.6300,1450.6700
114,877,3.5616,1.2539,5.0000,195.7300,1228.4900,511.2300,4.0000,180.0000,2365.4600,1443.0200
114,886,3.9740,1.4068,5.0000,195.7300,1228.4900,511.2300,4.0000,764.0000,1417.9400,1682.1000
114,888,2.2522,1.4657,5.0000,195.7300,1228.4900,511.2300,3.0000,91.0000,1640.1500,1338.3000
114,892,3.3178,1.2180,5.0000,195.7300,1228.4900,511.2300,4.0000,84.0000,2243.1200,1392.1000
114,893,3.3858,1.1871,5.0000,195.7300,1228.4900,511.2300,5.0000,716.0000,1316.6000,1686.9800
114,895,3.7852,1.5244,5.0000,195.7300,1228.4900,511.2300,3.0000,560.0000,1664.1500,1419.4800
114,906,3.0142,1.4823,5.0000,195.7300,1228.4900,511.2300,3.0000,512.0000,1251.6000,1360.7600
114,912,3.8646,1.5377,5.0000,195.7300,1228.4900,511.2300,3.0000,327.0000,2141.9200,1438.4100
114,923,1.9827,1.2198,5.0000,195.7300,1228.4900,511.2300,4.0000,103.0000,1790.0700,1394.5500
114,942,1.7954,1.4031,5.0000,195.7300,1228.4900,511.2300,3.0000,280.0000,1090.3700,1256.9200
114,945,2.2078,1.3050,5.0000,195.7300,1228.4900,511.2300,4.0000,317.0000,1793.2800,1518.9300
114,950,2.8382,1.4939,5.0000,195.7300,1228.4900,511.2300,2.0000,274.0000,888.2400,917.7900
114,958,2.9293,1.5009,5.0000,195.7300,1228.4900,511.2300,3.0000,240.0000,1895.6700,1386.3300
114,962,2.6286,1.2706,5.0000,195.7300,1228.4900,511.2300,4.0000,333.0000,1934.7600,1467.5200
114,976,3.5542,1.2079,5.0000,195.7300,1228.4900,511.2300,5.0000,717.0000,1508.9700,1722.4900
114,984,1.7930,1.3297,5.0000,195.7300,1228.4900,511.2300,3.0000,278.0000,994.9000,1167.7800
118,974,3.9366,1.1766,9.0000,310.6900,239.6400,828.1600,4.0000,184.0000,983.7700,1202.6900
120,414,3.5468,1.1627,8.0000,264.9400,720.6700,1019.8500,3.0000,196.0000,1211.6800,1229.8700
120,419,3.7282,1.2020,8.0000,264.9400,720.6700,1019.8500,3.0000,289.0000,1245.6700,1279.3100
120,942,3.4822,1.1844,8.0000,264.9400,720.6700,1019.8500,3.0000,280.0000,1090.3700,1256.9200
122,223,3.9807,1.1966,9.0000,259.9600,554.7400,835.5400,5.0000,516.0000,1450.6700,1547.5000
122,290,3.9751,1.4383,9.0000,259.9600,554.7400,835.5400,3.0000,158.0000,1070.7400,1183.1600
122,363,3.4447,1.1981,9.0000,259.9600,554.7400,835.5400,5.0000,467.0000,1243.3100,1549.8200
122,539,3.7878,1.2203,9.0000,259.9600,554.7400,835.5400,5.0000,320.0000,1584.5500,1584.7300
122,568,3.6519,1.3196,9.0000,259.9600,554.7400,835.5400,4.0000,199.0000,1310.0100,1400.5700
122,675,3.9827,1.4117,9.0000,259.9600,554.7400,835.5400,3.0000,186.0000,1068.3100,1152.0400
122,684,3.4330,1.1966,9.0000,259.9600,554.7400,835.5400,4.0000,420.0000,927.7400,1238.0400
122,724,3.9822,1.3537,9.0000,259.9600,554.7400,835.5400,4.0000,425.0000,1286.5400,1449.2600
122,770,3.8343,1.2401,9.0000,259.9600,554.7400,835.5400,3.0000,289.0000,853.7900,969.8500
122,974,3.1513,1.1678,9.0000,259.9600,554.7400,835.5400,4.0000,184.0000,983.7700,1202.6900
122,984,3.9953,1.4252,9.0000,259.9600,554.7400,835.5400,3.0000,278.0000,994.9000,1167.7800
123,568,3.9638,1.3020,9.0000,97.8500,518.5600,850.5700,4.0000,199.0000,1310.0100,1400.5700
123,620,3.6660,1.2300,9.0000,97.8500,518.5600,850.5700,4.0000,72.0000,1367.2900,1302.9700
125,184,3.5710,1.1563,9.0000,332.3500,374.6100,830.4500,5.0000,291.0000,1279.7000,1477.1200
125,363,3.7152,1.2042,9.0000,332.3500,374.6100,830.4500,5.0000,467.0000,1243.3100,1549.8200
125,684,3.6077,1.2027,9.0000,332.3500,374.6100,830.4500,4.0000,420.0000,927.7400,1238.0400
125,974,3.5749,1.1738,9.0000,332.3500,374.6100,830.4500,4.0000,184.0000,983.7700,1202.6900
127,924,3.9370,1.1894,5.0000,66.1300,848.0300,1050.2500,11.0000,198.0000,269.9500,695.6600
128,236,3.6587,1.2079,6.0000,135.3400,1144.1300,1478.1100,12.0000,128.0000,477.1700,874.9900
128,442,2.9729,1.1903,6.0000,135.3400,1144.1300,1478.1100,8.0000,75.0000,315.7100,593.8300
128,560,3.6331,1.1722,6.0000,135.3400,1144.1300,1478.1100,12.0000,178.0000,507.5900,907.1900
128,697,3.2817,1.2932,6.0000,135.3400,1144.1300,1478.1100,9.0000,52.0000,350.5800,601.8100
128,924,3.8332,1.3482,6.0000,135.3400,1144.1300,1478.1100,11.0000,198.0000,269.9500,695.6600
128,932,3.8658,1.2090,6.0000,135.3400,1144.1300,1478.1100,12.0000,180.0000,384.4200,873.9700
128,940,3.7688,1.2630,6.0000,135.3400,1144.1300,1478.1100,7.0000,83.0000,137.8400,482.6500
129,290,3.2087,1.2876,6.0000,233.7000,346.9800,648.5700,3.0000,158.0000,1070.7400,1183.1600
129,370,3.8299,1.2122,6.0000,233.7000,346.9800,648.5700,2.0000,301.0000,769.2300,731.2800
129,414,3.5577,1.3263,6.0000,233.7000,346.9800,648.5700,3.0000,196.0000,1211.6800,1229.8700
129,419,3.8026,1.3656,6.0000,233.7000,346.9800,648.5700,3.0000,289.0000,1245.6700,1279.3100
129,464,3.7451,1.2072,6.0000,233.7000,346.9800,648.5700,4.0000,217.0000,1506.4600,1455.3700
129,568,3.2436,1.1690,6.0000,233.7000,346.9800,648.5700,4.0000,199.0000,1310.0100,1400.5700
129,675,3.2201,1.2611,6.0000,233.7000,346.9800,648.5700,3.0000,186.0000,1068.3100,1152.0400
129,724,3.6482,1.2031,6.0000,233.7000,346.9800,648.5700,4.0000,425.0000,1286.5400,1449.2600
129,942,3.4285,1.3480,6.0000,233.7000,346.9800,648.5700,3.0000,280.0000,1090.3700,1256.9200
129,984,3.2127,1.2746,6.0000,233.7000,346.9800,648.5700,3.0000,278.0000,994.9000,1167.7800
131,366,3.6359,1.2421,6.0000,806.0000,1760.6400,1718.7600,11.0000,740.0000,1171.9900,902.0900
131,547,2.7416,1.2794,6.0000,806.0000,1760.6400,1718.7600,8.0000,482.0000,1411.4900,631.8100
131,683,1.4210,1.2594,6.0000,806.0000,1760.6400,1718.7600,8.0000,795.0000,1645.9900,644.6900
134,366,3.2122,1.2709,7.0000,1010.0000,1514.0300,2063.9800,11.0000,740.0000,1171.9900,902.0900
134,547,3.5072,1.3081,7.0000,1010.0000,1514.0300,2063.9800,8.0000,482.0000,1411.4900,631.8100
134,683,1.5876,1.2882,7.0000,1010.0000,1514.0300,2063.9800,8.0000,795.0000,1645.9900,644.6900
136,366,3.5577,1.2980,6.0000,825.0000,1692.7300,1817.7700,11.0000,740.0000,1171.9900,902.0900
136,547,2.7458,1.3352,6.0000,825.0000,1692.7300,1817.7700,8.0000,482.0000,1411.4900,631.8100
136,683,1.3939,1.3152,6.0000,825.0000,1692.7300,1817.7700,8.0000,795.0000,1645.9900,644.6900
139,366,3.1614,1.2724,6.0000,811.0000,1252.0400,1771.8000,11.0000,740.0000,1171.9900,902.0900
139,547,2.4030,1.3096,6.0000,811.0000,1252.0400,1771.8000,8.0000,482.0000,1411.4900,631.8100
139,683,1.8036,1.2897,6.0000,811.0000,1252.0400,1771.8000,8.0000,795.0000,1645.9900,644.6900
140,547,2.6451,1.1861,7.0000,889.0000,1417.9600,1826.0800,8.0000,482.0000,1411.4900,631.8100
140,683,1.0969,1.1662,7.0000,889.0000,1417.9600,1826.0800,8.0000,795.0000,1645.9900,644.6900
142,366,3.3376,1.2430,6.0000,909.0000,1332.1800,1720.2100,11.0000,740.0000,1171.9900,902.0900
142,547,2.9571,1.2802,6.0000,909.0000,1332.1800,1720.2100,8.0000,482.0000,1411.4900,631.8100
142,683,1.7682,1.2603,6.0000,909.0000,1332.1800,1720.2100,8.0000,795.0000,1645.9900,644.6900
144,519,3.8910,1.2370,9.0000,913.0000,1021.2900,1964.8600,14.0000,481.0000,939.9900,877.1700
145,366,3.5451,1.2904,6.0000,1006.0000,1219.7100,1803.9700,11.0000,740.0000,1171.9900,902.0900
145,547,3.5379,1.3276,6.0000,1006.0000,1219.7100,1803.9700,8.0000,482.0000,1411.4900,631.8100
145,683,2.2353,1.3076,6.0000,1006.0000,1219.7100,1803.9700,8.0000,795.0000,1645.9900,644.6900
146,366,3.6457,1.2532,6.0000,907.0000,1650.1700,1737.8600,11.0000,740.0000,1171.9900,902.0900
146,547,3.1648,1.2904,6.0000,907.0000,1650.1700,1737.8600,8.0000,482.0000,1411.4900,631.8100
146,683,1.5574,1.2704,6.0000,907.0000,1650.1700,1737.8600,8.0000,795.0000,1645.9900,644.6900
148,366,2.9522,1.3701,7.0000,1006.0000,1181.3300,2279.8200,11.0000,740.0000,1171.9900,902.0900
148,547,3.3756,1.4073,7.0000,1006.0000,1181.3300,2279.8200,8.0000,482.0000,1411.4900,631.8100
148,614,3.4070,1.1947,7.0000,1006.0000,1181.3300,2279.8200,11.0000,816.0000,544.9900,1077.1200
148,683,1.9821,1.3873,7.0000,1006.0000,1181.3300,2279.8200,8.0000,795.0000,1645.9900,644.6900
149,366,3.2605,1.2690,6.0000,835.0000,1404.2800,1765.7900,11.0000,740.0000,1171.9900,902.0900
149,547,2.5500,1.3063,6.0000,835.0000,1404.2800,1765.7900,8.0000,482.0000,1411.4900,631.8100
149,683,1.5556,1.2863,6.0000,835.0000,1404.2800,1765.7900,8.0000,795.0000,1645.9900,644.6900
151,165,3.3301,2.0573,4.0000,69.0000,2321.4900,322.0000,2.0000,165.0000,1813.3200,1273.4500
151,169,3.9846,1.7556,4.0000,69.0000,2321.4900,322.0000,3.0000,429.0000,2400.1300,1411.9500
151,174,0.6066,1.4698,4.0000,69.0000,2321.4900,322.0000,4.0000,87.0000,2463.9200,1413.5200
151,177,3.7341,1.5297,4.0000,69.0000,2321.4900,322.0000,4.0000,470.0000,1968.6300,1501.1000
151,184,3.8705,1.2912,4.0000,69.0000,2321.4900,322.0000,5.0000,291.0000,1279.7000,1477.1200
151,209,3.9904,1.2325,4.0000,69.0000,2321.4900,322.0000,6.0000,475.0000,1800.7100,1671.2300
151,246,3.3862,2.0038,4.0000,69.0000,2321.4900,322.0000,2.0000,18.0000,2503.4600,1206.9500
151,285,2.7762,1.7808,4.0000,69.0000,2321.4900,322.0000,3.0000,266.0000,2178.1600,1447.9500
151,290,3.8547,1.5793,4.0000,69.0000,2321.4900,322.0000,3.0000,158.0000,1070.7400,1183.1600
151,313,3.5596,1.5273,4.0000,69.0000,2321.4900,322.0000,4.0000,448.0000,2055.9700,1497.4600
151,322,2.9025,1.4850,4.0000,69.0000,2321.4900,322.0000,4.0000,262.0000,1681.2800,1435.3400
151,340,2.2034,1.1916,4.0000,69.0000,2321.4900,322.0000,6.0000,172.0000,1977.7800,1603.8900
151,347,2.7732,1.7069,4.0000,69.0000,2321.4900,322.0000,3.0000,213.0000,1724.8500,1344.7100
151,392,1.8842,1.7077,4.0000,69.0000,2321.4900,322.0000,3.0000,139.0000,2428.8900,1345.6600
151,414,3.6824,1.6179,4.0000,69.0000,2321.4900,322.0000,3.0000,196.0000,1211.6800,1229.8700
151,430,3.8207,1.8297,4.0000,69.0000,2321.4900,322.0000,2.0000,91.0000,1073.7600,1013.7800
151,436,2.2169,1.5129,4.0000,69.0000,2321.4900,322.0000,4.0000,256.0000,2218.7400,1476.0300
151,461,3.8182,1.4012,4.0000,69.0000,2321.4900,322.0000,5.0000,503.0000,2335.5500,1649.4200
151,464,3.0262,1.4989,4.0000,69.0000,2321.4900,322.0000,4.0000,217.0000,1506.4600,1455.3700
151,467,3.9197,2.0665,4.0000,69.0000,2321.4900,322.0000,2.0000,251.0000,1916.4300,1285.2000
151,492,3.7553,1.1944,4.0000,69.0000,2321.4900,322.0000,6.0000,323.0000,1477.2300,1608.5500
151,505,1.1856,1.2755,4.0000,69.0000,2321.4900,322.0000,5.0000,132.0000,2387.0300,1454.0500
151,514,3.6966,1.5979,4.0000,69.0000,2321.4900,322.0000,4.0000,463.0000,1963.4100,1607.3400
151,526,2.2486,1.7280,4.0000,69.0000,2321.4900,322.0000,3.0000,133.0000,1728.5000,1373.4000
151,533,3.2956,1.1933,4.0000,69.0000,2321.4900,322.0000,6.0000,367.0000,1947.6800,1606.7600
151,535,2.4630,1.3470,4.0000,69.0000,2321.4900,322.0000,5.0000,233.0000,1862.0400,1562.2300
151,537,1.4074,1.3222,4.0000,69.0000,2321.4900,322.0000,5.0000,152.0000,2444.8100,1523.7500
151,539,3.3980,1.3613,4.0000,69.0000,2321.4900,322.0000,5.0000,320.0000,1584.5500,1584.7300
151,568,3.3944,1.4606,4.0000,69.0000,2321.4900,322.0000,4.0000,199.0000,1310.0100,1400.5700
151,607,3.6996,1.1732,4.0000,69.0000,2321.4900,322.0000,5.0000,96.0000,1105.4700,1312.1600
151,617,2.3990,1.6492,4.0000,69.0000,2321.4900,322.0000,3.0000,29.0000,1632.8500,1269.1000
151,618,3.7387,1.2068,4.0000,69.0000,2321.4900,322.0000,6.0000,470.0000,2235.7200,1628.6000
151,620,2.8633,1.3886,4.0000,69.0000,2321.4900,322.0000,4.0000,72.0000,1367.2900,1302.9700
151,666,2.9462,1.5337,4.0000,69.0000,2321.4900,322.0000,4.0000,348.0000,2047.0800,1507.0400
151,675,3.9640,1.5527,4.0000,69.0000,2321.4900,322.0000,3.0000,186.0000,1068.3100,1152.0400
151,690,2.1833,1.4717,4.0000,69.0000,2321.4900,322.0000,4.0000,197.0000,1858.8400,1416.3300
151,701,1.7149,1.2453,4.0000,69.0000,2321.4900,322.0000,5.0000,36.0000,2022.9400,1410.5800
151,772,2.3760,1.5180,4.0000,69.0000,2321.4900,322.0000,4.0000,275.0000,2359.6400,1483.5800
151,784,3.4050,1.5236,4.0000,69.0000,2321.4900,322.0000,4.0000,422.0000,2049.7100,1491.9000
151,793,3.7298,1.2391,4.0000,69.0000,2321.4900,322.0000,6.0000,384.0000,1656.0400,1682.3300
151,796,3.2618,1.2741,4.0000,69.0000,2321.4900,322.0000,6.0000,372.0000,2494.6900,1742.3400
151,822,2.7212,1.5179,4.0000,69.0000,2321.4900,322.0000,4.0000,238.0000,1707.2800,1483.4800
151,857,3.3052,1.3638,4.0000,69.0000,2321.4900,322.0000,5.0000,387.0000,1882.3500,1588.8000
151,862,1.2304,1.3067,4.0000,69.0000,2321.4900,322.0000,5.0000,41.0000,2314.6800,1500.2800
151,868,1.8171,1.4956,4.0000,69.0000,2321.4900,322.0000,4.0000,198.0000,2106.6300,1450.6700
151,877,1.5630,1.4904,4.0000,69.0000,2321.4900,322.0000,4.0000,180.0000,2365.4600,1443.0200
151,888,2.2042,1.7022,4.0000,69.0000,2321.4900,322.0000,3.0000,91.0000,1640.1500,1338.3000
151,892,0.3875,1.4545,4.0000,69.0000,2321.4900,322.0000,4.0000,84.0000,2243.1200,1392.1000
151,912,3.1968,1.7742,4.0000,69.0000,2321.4900,322.0000,3.0000,327.0000,2141.9200,1438.4100
151,923,1.7515,1.4563,4.0000,69.0000,2321.4900,322.0000,4.0000,103.0000,1790.0700,1394.5500
151,933,3.4157,1.7976,4.0000,69.0000,2321.4900,322.0000,3.0000,334.0000,2449.8900,1472.5300
151,945,3.0278,1.5415,4.0000,69.0000,2321.4900,322.0000,4.0000,317.0000,1793.2800,1518.9300
151,947,2.3596,1.5316,4.0000,69.0000,2321.4900,322.0000,4.0000,263.0000,2469.0600,1503.9800
151,958,2.7294,1.7374,4.0000,69.0000,2321.4900,322.0000,3.0000,240.0000,1895.6700,1386.3300
151,962,2.9483,1.5072,4.0000,69.0000,2321.4900,322.0000,4.0000,333.0000,1934.7600,1467.5200
151,975,1.7843,1.1647,4.0000,69.0000,2321.4900,322.0000,6.0000,135.0000,2488.2200,1561.2000
158,369,3.0091,1.2352,2.0000,753.0000,1111.1600,1353.8700,4.0000,825.0000,874.9900,784.5200
159,184,3.8630,1.3039,10.0000,224.0000,407.5100,794.7000,5.0000,291.0000,1279.7000,1477.1200
159,193,3.4595,1.1925,10.0000,224.0000,407.5100,794.7000,6.0000,333.0000,1254.6800,1585.0200
159,195,3.3305,1.1634,10.0000,224.0000,407.5100,794.7000,5.0000,285.0000,974.7300,1282.8400
159,492,3.9045,1.2072,10.0000,224.0000,407.5100,794.7000,6.0000,323.0000,1477.2300,1608.5500
159,607,3.5475,1.1859,10.0000,224.0000,407.5100,794.7000,5.0000,96.0000,1105.4700,1312.1600
159,764,3.8959,1.1874,10.0000,224.0000,407.5100,794.7000,6.0000,522.0000,1210.8700,1577.0100
159,776,3.7102,1.1607,10.0000,224.0000,407.5100,794.7000,6.0000,164.0000,1460.2100,1535.3000
159,917,3.8410,1.1676,10.0000,224.0000,407.5100,794.7000,5.0000,517.0000,919.2500,1288.3100
159,922,3.7701,1.2500,10.0000,224.0000,407.5100,794.7000,5.0000,406.0000,1084.1600,1399.3900
159,974,3.7963,1.3215,10.0000,224.0000,407.5100,794.7000,4.0000,184.0000,983.7700,1202.6900
160,217,3.6850,1.2033,6.0000,383.0000,462.7900,800.3000,3.0000,375.0000,1346.2100,1339.9300
160,419,3.3724,1.1571,6.0000,383.0000,462.7900,800.3000,3.0000,289.0000,1245.6700,1279.3100
160,906,3.7438,1.2187,6.0000,383.0000,462.7900,800.3000,3.0000,512.0000,1251.6000,1360.7600
160,950,3.6515,1.2303,6.0000,383.0000,462.7900,800.3000,2.0000,274.0000,888.2400,917.7900
163,683,3.7959,1.4556,5.0000,1004.0000,2367.6300,1743.8500,8.0000,795.0000,1645.9900,644.6900
164,243,3.8464,1.1591,5.0000,873.0000,1402.3500,1676.7900,4.0000,286.0000,1063.4900,418.1700
164,547,3.1899,1.4364,5.0000,873.0000,1402.3500,1676.7900,8.0000,482.0000,1411.4900,631.8100
164,683,2.2697,1.4165,5.0000,873.0000,1402.3500,1676.7900,8.0000,795.0000,1645.9900,644.6900
165,243,3.7693,1.7988,2.0000,165.0000,1813.3200,1273.4500,4.0000,286.0000,1063.4900,418.1700
165,710,3.8293,1.5529,2.0000,165.0000,1813.3200,1273.4500,5.0000,516.0000,1878.4900,669.8500
169,710,2.9137,1.2512,3.0000,429.0000,2400.1300,1411.9500,5.0000,516.0000,1878.4900,669.8500
170,342,3.7527,1.1620,4.0000,362.0000,646.4300,788.5300,2.0000,500.0000,1246.4800,1264.5300
170,766,3.9914,1.1897,4.0000,362.0000,646.4300,788.5300,2.0000,252.0000,1545.9400,1300.1900
173,290,3.5116,1.3033,8.0000,123.0000,612.5500,851.2400,3.0000,158.0000,1070.7400,1183.1600
173,414,3.8678,1.3419,8.0000,123.0000,612.5500,851.2400,3.0000,196.0000,1211.6800,1229.8700
173,464,3.7538,1.2229,8.0000,123.0000,612.5500,851.2400,4.0000,217.0000,1506.4600,1455.3700
173,568,3.3149,1.1846,8.0000,123.0000,612.5500,851.2400,4.0000,199.0000,1310.0100,1400.5700
173,675,3.6076,1.2767,8.0000,123.0000,612.5500,851.2400,3.0000,186.0000,1068.3100,1152.0400
173,942,3.9933,1.3636,8.0000,123.0000,612.5500,851.2400,3.0000,280.0000,1090.3700,1256.9200
173,984,3.8534,1.2902,8.0000,123.0000,612.5500,851.2400,3.0000,278.0000,994.9000,1167.7800
176,995,2.5427,1.1679,1.0000,989.0000,2196.8400,1439.1700,1.0000,1082.0000,1809.4900,446.9400
177,243,3.0286,1.2712,4.0000,470.0000,1968.6300,1501.1000,4.0000,286.0000,1063.4900,418.1700
177,547,3.2994,1.5486,4.0000,470.0000,1968.6300,1501.1000,8.0000,482.0000,1411.4900,631.8100
177,683,3.6268,1.5287,4.0000,470.0000,1968.6300,1501.1000,8.0000,795.0000,1645.9900,644.6900
184,547,2.2413,1.3101,5.0000,291.0000,1279.7000,1477.1200,8.0000,482.0000,1411.4900,631.8100
184,683,3.9529,1.2901,5.0000,291.0000,1279.7000,1477.1200,8.0000,795.0000,1645.9900,644.6900
187,366,3.7842,1.2923,6.0000,1043.0000,1404.3500,1807.4200,11.0000,740.0000,1171.9900,902.0900
187,547,3.8220,1.3295,6.0000,1043.0000,1404.3500,1807.4200,8.0000,482.0000,1411.4900,631.8100
187,683,2.2005,1.3095,6.0000,1043.0000,1404.3500,1807.4200,8.0000,795.0000,1645.9900,644.6900
189,379,3.6038,1.1929,9.0000,524.0000,474.7500,935.4000,5.0000,654.0000,1272.8900,1724.6800
189,468,3.6242,1.1620,9.0000,524.0000,474.7500,935.4000,4.0000,627.0000,956.9800,1337.6300
189,893,3.8311,1.1709,9.0000,524.0000,474.7500,935.4000,5.0000,716.0000,1316.6000,1686.9800
189,907,3.5285,1.1647,9.0000,524.0000,474.7500,935.4000,5.0000,840.0000,941.5500,1676.4800
193,547,1.6273,1.1986,6.0000,333.0000,1254.6800,1585.0200,8.0000,482.0000,1411.4900,631.8100
193,683,3.5094,1.1787,6.0000,333.0000,1254.6800,1585.0200,8.0000,795.0000,1645.9900,644.6900
193,747,3.9156,1.2084,6.0000,333.0000,1254.6800,1585.0200,10.0000,87.0000,498.9600,781.9700
193,899,3.5224,1.2056,6.0000,333.0000,1254.6800,1585.0200,11.0000,273.0000,502.3700,862.6100
195,442,3.6315,1.2308,5.0000,285.0000,974.7300,1282.8400,8.0000,75.0000,315.7100,593.8300
195,547,2.5380,1.1696,5.0000,285.0000,974.7300,1282.8400,8.0000,482.0000,1411.4900,631.8100
195,747,3.7395,1.1793,5.0000,285.0000,974.7300,1282.8400,10.0000,87.0000,498.9600,781.9700
195,899,3.5873,1.1765,5.0000,285.0000,974.7300,1282.8400,11.0000,273.0000,502.3700,862.6100
209,366,3.9220,1.2142,6.0000,475.0000,1800.7100,1671.2300,11.0000,740.0000,1171.9900,902.0900
209,547,1.6875,1.2514,6.0000,475.0000,1800.7100,1671.2300,8.0000,482.0000,1411.4900,631.8100
209,683,2.4589,1.2315,6.0000,475.0000,1800.7100,1671.2300,8.0000,795.0000,1645.9900,644.6900
217,243,1.6211,1.4449,3.0000,375.0000,1346.2100,1339.9300,4.0000,286.0000,1063.4900,418.1700
217,433,3.0767,1.5224,3.0000,375.0000,1346.2100,1339.9300,5.0000,210.0000,710.4900,483.3400
217,445,3.5505,1.2422,3.0000,375.0000,1346.2100,1339.9300,3.0000,182.0000,347.8200,384.7700
217,500,3.3585,1.1880,3.0000,375.0000,1346.2100,1339.9300,3.0000,224.0000,358.7700,406.3600
217,547,3.5403,1.7223,3.0000,375.0000,1346.2100,1339.9300,8.0000,482.0000,1411.4900,631.8100
217,710,2.2890,1.1989,3.0000,375.0000,1346.2100,1339.9300,5.0000,516.0000,1878.4900,669.8500
217,825,3.9711,1.1867,3.0000,375.0000,1346.2100,1339.9300,3.0000,154.0000,274.0400,406.9100
219,710,3.2869,1.3253,3.0000,779.0000,2110.9000,1520.7300,5.0000,516.0000,1878.4900,669.8500
223,328,3.8635,1.1828,5.0000,516.0000,1450.6700,1547.5000,9.0000,368.0000,495.1200,847.3300
223,433,3.0173,1.1566,5.0000,516.0000,1450.6700,1547.5000,5.0000,210.0000,710.4900,483.3400
223,547,1.9589,1.3565,5.0000,516.0000,1450.6700,1547.5000,8.0000,482.0000,1411.4900,631.8100
223,683,2.7951,1.3365,5.0000,516.0000,1450.6700,1547.5000,8.0000,795.0000,1645.9900,644.6900
226,922,3.8533,1.1984,10.0000,377.0000,301.9600,837.3600,5.0000,406.0000,1084.1600,1399.3900
227,290,3.7942,1.2404,7.0000,273.0000,285.8300,793.5800,3.0000,158.0000,1070.7400,1183.1600
227,675,3.7923,1.2139,7.0000,273.0000,285.8300,793.5800,3.0000,186.0000,1068.3100,1152.0400
227,942,3.9434,1.3008,7.0000,273.0000,285.8300,793.5800,3.0000,280.0000,1090.3700,1256.9200
227,984,3.7387,1.2274,7.0000,273.0000,285.8300,793.5800,3.0000,278.0000,994.9000,1167.7800
228,581,3.1556,1.2006,1.0000,458.0000,834.7000,737.2800,1.0000,467.0000,296.4900,221.2300
232,683,2.4006,1.1736,7.0000,987.0000,2164.1000,1839.6700,8.0000,795.0000,1645.9900,644.6900
235,547,2.5066,1.4044,5.0000,569.0000,1856.7000,1623.8100,8.0000,482.0000,1411.4900,631.8100
235,683,2.5816,1.3845,5.0000,569.0000,1856.7000,1623.8100,8.0000,795.0000,1645.9900,644.6900
243,285,3.7087,1.5222,4.0000,286.0000,1063.4900,418.1700,3.0000,266.0000,2178.1600,1447.9500
243,290,1.1815,1.3208,4.0000,286.0000,1063.4900,418.1700,3.0000,158.0000,1070.7400,1183.1600
243,313,3.2152,1.2688,4.0000,286.0000,1063.4900,418.1700,4.0000,448.0000,2055.9700,1497.4600
243,322,1.7467,1.2265,4.0000,286.0000,1063.4900,418.1700,4.0000,262.0000,1681.2800,1435.3400
243,336,3.2082,1.2170,4.0000,286.0000,1063.4900,418.1700,5.0000,763.0000,1420.9400,1777.1400
243,342,3.3581,1.7918,4.0000,286.0000,1063.4900,418.1700,2.0000,500.0000,1246.4800,1264.5300
243,347,2.3095,1.4484,4.0000,286.0000,1063.4900,418.1700,3.0000,213.0000,1724.8500,1344.7100
243,370,1.9514,1.2453,4.0000,286.0000,1063.4900,418.1700,2.0000,301.0000,769.2300,731.2800
243,379,2.4160,1.1871,4.0000,286.0000,1063.4900,418.1700,5.0000,654.0000,1272.8900,1724.6800
243,386,2.8121,1.1622,4.0000,286.0000,1063.4900,418.1700,5.0000,651.0000,1573.3000,1682.0800
243,394,3.9038,1.8700,4.0000,286.0000,1063.4900,418.1700,2.0000,423.0000,1639.1700,1367.6400
243,414,1.1210,1.3594,4.0000,286.0000,1063.4900,418.1700,3.0000,196.0000,1211.6800,1229.8700
243,417,3.8537,1.1674,4.0000,286.0000,1063.4900,418.1700,5.0000,828.0000,1606.8400,1690.8200
243,419,1.1427,1.3987,4.0000,286.0000,1063.4900,418.1700,3.0000,289.0000,1245.6700,1279.3100
243,430,2.3512,1.5712,4.0000,286.0000,1063.4900,418.1700,2.0000,91.0000,1073.7600,1013.7800
243,436,3.3928,1.2544,4.0000,286.0000,1063.4900,418.1700,4.0000,256.0000,2218.7400,1476.0300
243,464,1.3131,1.2404,4.0000,286.0000,1063.4900,418.1700,4.0000,217.0000,1506.4600,1455.3700
243,468,2.1213,1.1562,4.0000,286.0000,1063.4900,418.1700,4.0000,627.0000,956.9800,1337.6300
243,491,3.1806,1.5007,4.0000,286.0000,1063.4900,418.1700,3.0000,718.0000,1158.0200,1416.9800
243,514,2.9903,1.3394,4.0000,286.0000,1063.4900,418.1700,4.0000,463.0000,1963.4100,1607.3400
243,526,2.4990,1.4695,4.0000,286.0000,1063.4900,418.1700,3.0000,133.0000,1728.5000,1373.4000
243,563,3.3647,1.3070,4.0000,286.0000,1063.4900,418.1700,3.0000,771.0000,725.6700,1166.9300
243,568,0.9307,1.2021,4.0000,286.0000,1063.4900,418.1700,4.0000,199.0000,1310.0100,1400.5700
243,617,3.7680,1.3907,4.0000,286.0000,1063.4900,418.1700,3.0000,29.0000,1632.8500,1269.1000
243,666,2.9442,1.2751,4.0000,286.0000,1063.4900,418.1700,4.0000,348.0000,2047.0800,1507.0400
243,669,3.0560,1.3426,4.0000,286.0000,1063.4900,418.1700,4.0000,672.0000,1603.5200,1612.4300
243,675,1.0067,1.2942,4.0000,286.0000,1063.4900,418.1700,3.0000,186.0000,1068.3100,1152.0400
243,690,2.3296,1.2132,4.0000,286.0000,1063.4900,418.1700,4.0000,197.0000,1858.8400,1416.3300
243,699,3.4769,1.8280,4.0000,286.0000,1063.4900,418.1700,2.0000,370.0000,1554.5000,1311.2300
243,719,3.6054,1.7083,4.0000,286.0000,1063.4900,418.1700,2.0000,616.0000,968.9300,1163.1000
243,724,1.1635,1.2362,4.0000,286.0000,1063.4900,418.1700,4.0000,425.0000,1286.5400,1449.2600
243,766,3.1086,1.8195,4.0000,286.0000,1063.4900,418.1700,2.0000,252.0000,1545.9400,1300.1900
243,772,3.8630,1.2595,4.0000,286.0000,1063.4900,418.1700,4.0000,275.0000,2359.6400,1483.5800
243,773,3.3978,1.1897,4.0000,286.0000,1063.4900,418.1700,5.0000,755.0000,1584.4100,1729.0800
243,784,3.1218,1.2651,4.0000,286.0000,1063.4900,418.1700,4.0000,422.0000,2049.7100,1491.9000
243,822,1.8335,1.2594,4.0000,286.0000,1063.4900,418.1700,4.0000,238.0000,1707.2800,1483.4800
243,823,3.4055,1.8061,4.0000,286.0000,1063.4900,418.1700,2.0000,299.0000,1612.7000,1282.8000
243,868,3.0653,1.2371,4.0000,286.0000,1063.4900,418.1700,4.0000,198.0000,2106.6300,1450.6700
243,877,3.9059,1.2319,4.0000,286.0000,1063.4900,418.1700,4.0000,180.0000,2365.4600,1443.0200
243,886,3.2852,1.3848,4.0000,286.0000,1063.4900,418.1700,4.0000,764.0000,1417.9400,1682.1000
243,888,2.5833,1.4437,4.0000,286.0000,1063.4900,418.1700,3.0000,91.0000,1640.1500,1338.3000
243,892,3.9139,1.1960,4.0000,286.0000,1063.4900,418.1700,4.0000,84.0000,2243.1200,1392.1000
243,893,2.8154,1.1651,4.0000,286.0000,1063.4900,418.1700,5.0000,716.0000,1316.6000,1686.9800
243,895,3.1336,1.5024,4.0000,286.0000,1063.4900,418.1700,3.0000,560.0000,1664.1500,1419.4800
243,906,2.1088,1.4603,4.0000,286.0000,1063.4900,418.1700,3.0000,512.0000,1251.6000,1360.7600
243,907,3.3692,1.1589,4.0000,286.0000,1063.4900,418.1700,5.0000,840.0000,941.5500,1676.4800
243,910,3.6953,1.3229,4.0000,286.0000,1063.4900,418.1700,4.0000,840.0000,1375.4200,1580.9500
243,912,3.6846,1.5157,4.0000,286.0000,1063.4900,418.1700,3.0000,327.0000,2141.9200,1438.4100
243,923,2.6108,1.1978,4.0000,286.0000,1063.4900,418.1700,4.0000,103.0000,1790.0700,1394.5500
243,942,0.8788,1.3811,4.0000,286.0000,1063.4900,418.1700,3.0000,280.0000,1090.3700,1256.9200
243,945,2.1208,1.2830,4.0000,286.0000,1063.4900,418.1700,4.0000,317.0000,1793.2800,1518.9300
243,950,1.9171,1.4719,4.0000,286.0000,1063.4900,418.1700,2.0000,274.0000,888.2400,917.7900
243,958,2.8084,1.4789,4.0000,286.0000,1063.4900,418.1700,3.0000,240.0000,1895.6700,1386.3300
243,962,2.5724,1.2486,4.0000,286.0000,1063.4900,418.1700,4.0000,333.0000,1934.7600,1467.5200
243,976,3.0659,1.1859,4.0000,286.0000,1063.4900,418.1700,5.0000,717.0000,1508.9700,1722.4900
243,984,0.8138,1.3077,4.0000,286.0000,1063.4900,418.1700,3.0000,278.0000,994.9000,1167.7800
251,547,3.3172,1.5053,5.0000,873.0000,1584.5300,1796.7000,8.0000,482.0000,1411.4900,631.8100
251,683,2.1993,1.4854,5.0000,873.0000,1584.5300,1796.7000,8.0000,795.0000,1645.9900,644.6900
258,547,3.6874,1.2368,4.0000,725.0000,588.9000,1097.9500,8.0000,482.0000,1411.4900,631.8100
266,683,3.7897,1.1735,5.0000,1028.0000,653.1900,1313.9500,8.0000,795.0000,1645.9900,644.6900
270,547,1.4057,1.1723,7.0000,623.0000,1691.3900,1800.8600,8.0000,482.0000,1411.4900,631.8100
271,290,2.5939,1.3542,3.0000,127.0000,293.4900,303.2000,3.0000,158.0000,1070.7400,1183.1600
271,370,3.1032,1.2788,3.0000,127.0000,293.4900,303.2000,2.0000,301.0000,769.2300,731.2800
271,414,3.0746,1.3929,3.0000,127.0000,293.4900,303.2000,3.0000,196.0000,1211.6800,1229.8700
271,419,3.4728,1.4322,3.0000,127.0000,293.4900,303.2000,3.0000,289.0000,1245.6700,1279.3100
271,430,3.1403,1.6046,3.0000,127.0000,293.4900,303.2000,2.0000,91.0000,1073.7600,1013.7800
271,464,3.6684,1.2738,3.0000,127.0000,293.4900,303.2000,4.0000,217.0000,1506.4600,1455.3700
271,568,3.1231,1.2356,3.0000,127.0000,293.4900,303.2000,4.0000,199.0000,1310.0100,1400.5700
271,593,2.2388,1.1590,3.0000,127.0000,293.4900,303.2000,2.0000,68.0000,756.6100,648.5300
271,620,3.2608,1.1635,3.0000,127.0000,293.4900,303.2000,4.0000,72.0000,1367.2900,1302.9700
271,641,3.6948,1.1883,3.0000,127.0000,293.4900,303.2000,2.0000,521.0000,467.1900,667.8500
271,675,2.6637,1.3277,3.0000,127.0000,293.4900,303.2000,3.0000,186.0000,1068.3100,1152.0400
271,724,3.8013,1.2696,3.0000,127.0000,293.4900,303.2000,4.0000,425.0000,1286.5400,1449.2600
271,942,3.0516,1.4146,3.0000,127.0000,293.4900,303.2000,3.0000,280.0000,1090.3700,1256.9200
271,950,3.2772,1.5054,3.0000,127.0000,293.4900,303.2000,2.0000,274.0000,888.2400,917.7900
271,984,2.8083,1.3412,3.0000,127.0000,293.4900,303.2000,3.0000,278.0000,994.9000,1167.7800
278,581,3.7711,1.3514,1.0000,303.0000,931.5300,857.4200,1.0000,467.0000,296.4900,221.2300
281,719,3.6196,1.1769,3.0000,471.0000,288.1900,535.6700,2.0000,616.0000,968.9300,1163.1000
282,697,2.9477,1.2305,5.0000,72.0000,977.6700,1156.5500,9.0000,52.0000,350.5800,601.8100
282,831,3.6242,1.2148,5.0000,72.0000,977.6700,1156.5500,8.0000,16.0000,259.0200,543.5600
282,940,3.3991,1.2003,5.0000,72.0000,977.6700,1156.5500,7.0000,83.0000,137.8400,482.6500
285,710,2.6508,1.2763,3.0000,266.0000,2178.1600,1447.9500,5.0000,516.0000,1878.4900,669.8500
289,710,2.9128,1.3673,3.0000,781.0000,1801.3800,1586.2100,5.0000,516.0000,1878.4900,669.8500
290,362,2.9203,1.2915,3.0000,158.0000,1070.7400,1183.1600,5.0000,230.0000,333.6900,538.3600
290,433,1.9000,1.3983,3.0000,158.0000,1070.7400,1183.1600,5.0000,210.0000,710.4900,483.3400
290,547,3.8976,1.5981,3.0000,158.0000,1070.7400,1183.1600,8.0000,482.0000,1411.4900,631.8100
290,573,3.6222,1.4265,3.0000,158.0000,1070.7400,1183.1600,8.0000,177.0000,486.0600,751.5800
290,577,3.2902,1.4373,3.0000,158.0000,1070.7400,1183.1600,5.0000,104.0000,281.6700,464.6800
290,671,3.6494,1.1655,3.0000,158.0000,1070.7400,1183.1600,8.0000,392.0000,661.2700,978.1300
290,678,2.8464,1.3644,3.0000,158.0000,1070.7400,1183.1600,6.0000,170.0000,476.9900,600.2300
290,691,3.0700,1.1977,3.0000,158.0000,1070.7400,1183.1600,6.0000,248.0000,395.4000,710.1500
290,751,3.6837,1.2534,3.0000,158.0000,1070.7400,1183.1600,8.0000,403.0000,654.9700,895.1400
290,757,3.0978,1.2287,3.0000,158.0000,1070.7400,1183.1600,5.0000,103.0000,333.2200,573.5800
290,941,3.7148,1.2040,3.0000,158.0000,1070.7400,1183.1600,9.0000,191.0000,789.5200,1058.5000
290,968,3.5238,1.3386,3.0000,158.0000,1070.7400,1183.1600,7.0000,250.0000,364.7900,718.7100
290,969,3.0788,1.1925,3.0000,158.0000,1070.7400,1183.1600,5.0000,247.0000,296.5100,594.9300
295,472,3.3549,1.3353,4.0000,10.0000,1262.7300,1261.4100,8.0000,15.0000,377.8500,657.8000
295,646,2.9851,1.1902,4.0000,10.0000,1262.7300,1261.4100,4.0000,18.0000,289.0600,380.8800
295,831,3.7683,1.5235,4.0000,10.0000,1262.7300,1261.4100,8.0000,16.0000,259.0200,543.5600
313,547,3.4495,1.5462,4.0000,448.0000,2055.9700,1497.4600,8.0000,482.0000,1411.4900,631.8100
313,683,3.7802,1.5262,4.0000,448.0000,2055.9700,1497.4600,8.0000,795.0000,1645.9900,644.6900
321,683,3.6076,1.5959,4.0000,1047.0000,1657.6800,1605.8400,8.0000,795.0000,1645.9900,644.6900
322,433,2.9691,1.3041,4.0000,262.0000,1681.2800,1435.3400,5.0000,210.0000,710.4900,483.3400
322,547,3.0296,1.5039,4.0000,262.0000,1681.2800,1435.3400,8.0000,482.0000,1411.4900,631.8100
322,678,3.9327,1.2701,4.0000,262.0000,1681.2800,1435.3400,6.0000,170.0000,476.9900,600.2300
322,751,3.9354,1.1592,4.0000,262.0000,1681.2800,1435.3400,8.0000,403.0000,654.9700,895.1400
323,366,3.4708,1.2469,7.0000,1126.0000,1103.7500,2014.7200,11.0000,740.0000,1171.9900,902.0900
323,683,2.7072,1.2641,7.0000,1126.0000,1103.7500,2014.7200,8.0000,795.0000,1645.9900,644.6900
326,366,3.2961,1.3036,7.0000,1089.0000,1026.2500,2132.8500,11.0000,740.0000,1171.9900,902.0900
326,547,3.9684,1.3409,7.0000,1089.0000,1026.2500,2132.8500,8.0000,482.0000,1411.4900,631.8100
326,683,2.6536,1.3209,7.0000,1089.0000,1026.2500,2132.8500,8.0000,795.0000,1645.9900,644.6900
328,363,3.3455,1.1842,9.0000,368.0000,495.1200,847.3300,5.0000,467.0000,1243.3100,1549.8200
328,379,3.8758,1.2908,9.0000,368.0000,495.1200,847.3300,5.0000,654.0000,1272.8900,1724.6800
328,468,3.8576,1.2599,9.0000,368.0000,495.1200,847.3300,4.0000,627.0000,956.9800,1337.6300
328,539,3.9050,1.2065,9.0000,368.0000,495.1200,847.3300,5.0000,320.0000,1584.5500,1584.7300
328,554,3.9506,1.2337,9.0000,368.0000,495.1200,847.3300,5.0000,504.0000,1502.6300,1628.6600
328,568,3.9034,1.3058,9.0000,368.0000,495.1200,847.3300,4.0000,199.0000,1310.0100,1400.5700
328,684,3.3507,1.1828,9.0000,368.0000,495.1200,847.3300,4.0000,420.0000,927.7400,1238.0400
328,724,3.9425,1.3398,9.0000,368.0000,495.1200,847.3300,4.0000,425.0000,1286.5400,1449.2600
328,770,3.8961,1.2262,9.0000,368.0000,495.1200,847.3300,3.0000,289.0000,853.7900,969.8500
329,366,3.1531,1.2336,6.0000,818.0000,1130.3800,1704.0600,11.0000,740.0000,1171.9900,902.0900
329,547,2.4869,1.2708,6.0000,818.0000,1130.3800,1704.0600,8.0000,482.0000,1411.4900,631.8100
329,683,2.0531,1.2509,6.0000,818.0000,1130.3800,1704.0600,8.0000,795.0000,1645.9900,644.6900
335,683,2.9125,1.2922,7.0000,1185.0000,1768.0100,2072.1800,8.0000,795.0000,1645.9900,644.6900
336,366,3.9157,1.4572,5.0000,763.0000,1420.9400,1777.1400,11.0000,740.0000,1171.9900,902.0900
336,547,2.6709,1.4944,5.0000,763.0000,1420.9400,1777.1400,8.0000,482.0000,1411.4900,631.8100
336,683,2.2150,1.4745,5.0000,763.0000,1420.9400,1777.1400,8.0000,795.0000,1645.9900,644.6900
336,769,3.6916,1.1658,5.0000,763.0000,1420.9400,1777.1400,9.0000,597.0000,625.9900,990.8400
337,924,3.9692,1.2420,7.0000,368.0000,1231.6900,1550.0400,11.0000,198.0000,269.9500,695.6600
340,547,2.9089,1.2104,6.0000,172.0000,1977.7800,1603.8900,8.0000,482.0000,1411.4900,631.8100
342,369,3.2497,1.1670,2.0000,500.0000,1246.4800,1264.5300,4.0000,825.0000,874.9900,784.5200
342,710,3.4480,1.5458,2.0000,500.0000,1246.4800,1264.5300,5.0000,516.0000,1878.4900,669.8500
342,931,3.7524,1.1939,2.0000,500.0000,1246.4800,1264.5300,3.0000,275.0000,543.7400,572.7300
344,683,2.9271,1.4283,5.0000,942.0000,2092.8700,1696.7200,8.0000,795.0000,1645.9900,644.6900
346,697,3.7298,1.1648,4.0000,166.0000,791.5200,866.1800,9.0000,52.0000,350.5800,601.8100
347,433,3.5565,1.5260,3.0000,213.0000,1724.8500,1344.7100,5.0000,210.0000,710.4900,483.3400
347,547,3.9773,1.7258,3.0000,213.0000,1724.8500,1344.7100,8.0000,482.0000,1411.4900,631.8100
347,710,2.5565,1.2025,3.0000,213.0000,1724.8500,1344.7100,5.0000,516.0000,1878.4900,669.8500
349,414,3.0698,1.1837,5.0000,116.0000,478.1000,624.0400,3.0000,196.0000,1211.6800,1229.8700
349,419,3.5377,1.2230,5.0000,116.0000,478.1000,624.0400,3.0000,289.0000,1245.6700,1279.3100
349,430,3.3407,1.3955,5.0000,116.0000,478.1000,624.0400,2.0000,91.0000,1073.7600,1013.7800
349,888,3.8282,1.2680,5.0000,116.0000,478.1000,624.0400,3.0000,91.0000,1640.1500,1338.3000
349,942,3.1728,1.2054,5.0000,116.0000,478.1000,624.0400,3.0000,280.0000,1090.3700,1256.9200
349,950,3.7541,1.2962,5.0000,116.0000,478.1000,624.0400,2.0000,274.0000,888.2400,917.7900
362,370,3.4320,1.2160,5.0000,230.0000,333.6900,538.3600,2.0000,301.0000,769.2300,731.2800
362,414,3.2890,1.3302,5.0000,230.0000,333.6900,538.3600,3.0000,196.0000,1211.6800,1229.8700
362,419,3.5369,1.3695,5.0000,230.0000,333.6900,538.3600,3.0000,289.0000,1245.6700,1279.3100
362,430,3.8104,1.5419,5.0000,230.0000,333.6900,538.3600,2.0000,91.0000,1073.7600,1013.7800
362,464,3.6010,1.2111,5.0000,230.0000,333.6900,538.3600,4.0000,217.0000,1506.4600,1455.3700
362,568,3.0794,1.1729,5.0000,230.0000,333.6900,538.3600,4.0000,199.0000,1310.0100,1400.5700
362,675,2.9253,1.2649,5.0000,230.0000,333.6900,538.3600,3.0000,186.0000,1068.3100,1152.0400
362,724,3.4798,1.2069,5.0000,230.0000,333.6900,538.3600,4.0000,425.0000,1286.5400,1449.2600
362,942,3.1350,1.3519,5.0000,230.0000,333.6900,538.3600,3.0000,280.0000,1090.3700,1256.9200
362,950,3.6297,1.4427,5.0000,230.0000,333.6900,538.3600,2.0000,274.0000,888.2400,917.7900
362,984,2.8998,1.2785,5.0000,230.0000,333.6900,538.3600,3.0000,278.0000,994.9000,1167.7800
363,433,2.3704,1.1581,5.0000,467.0000,1243.3100,1549.8200,5.0000,210.0000,710.4900,483.3400
363,547,1.9569,1.3579,5.0000,467.0000,1243.3100,1549.8200,8.0000,482.0000,1411.4900,631.8100
363,561,3.8324,1.2021,5.0000,467.0000,1243.3100,1549.8200,10.0000,472.0000,431.9500,924.6500
363,573,3.6353,1.1864,5.0000,467.0000,1243.3100,1549.8200,8.0000,177.0000,486.0600,751.5800
363,683,3.1805,1.3380,5.0000,467.0000,1243.3100,1549.8200,8.0000,795.0000,1645.9900,644.6900
366,367,3.8231,1.3409,11.0000,740.0000,1171.9900,902.0900,6.0000,884.0000,1798.3100,1897.8700
366,379,3.8617,1.4273,11.0000,740.0000,1171.9900,902.0900,5.0000,654.0000,1272.8900,1724.6800
366,401,3.9146,1.1686,11.0000,740.0000,1171.9900,902.0900,7.0000,1161.0000,1499.9700,1862.4500
366,409,3.6126,1.1628,11.0000,740.0000,1171.9900,902.0900,7.0000,847.0000,1994.6200,1851.7000
366,410,3.3241,1.3271,11.0000,740.0000,1171.9900,902.0900,6.0000,924.0000,1227.2100,1871.7600
366,512,2.5510,1.2081,11.0000,740.0000,1171.9900,902.0900,8.0000,1025.0000,1031.3300,2214.6400
366,562,3.8140,1.2829,11.0000,740.0000,1171.9900,902.0900,5.0000,716.0000,1111.2300,1492.0800
366,611,3.3192,1.2251,11.0000,740.0000,1171.9900,902.0900,7.0000,1000.0000,1620.4600,1971.2300
366,668,3.0619,1.2975,11.0000,740.0000,1171.9900,902.0900,7.0000,1033.0000,1013.0300,2119.8300
366,682,3.8507,1.2865,11.0000,740.0000,1171.9900,902.0900,6.0000,668.0000,1922.4500,1796.9800
366,702,3.8336,1.2648,11.0000,740.0000,1171.9900,902.0900,5.0000,691.0000,1030.6400,1465.2600
366,744,3.9490,1.2667,11.0000,740.0000,1171.9900,902.0900,5.0000,579.0000,1018.5200,1468.0100
366,762,3.3418,1.2555,11.0000,740.0000,1171.9900,902.0900,7.0000,950.0000,1739.6200,2032.2300
366,764,3.4331,1.1564,11.0000,740.0000,1171.9900,902.0900,6.0000,522.0000,1210.8700,1577.0100
366,893,3.8513,1.4053,11.0000,740.0000,1171.9900,902.0900,5.0000,716.0000,1316.6000,1686.9800
366,907,3.8891,1.3991,11.0000,740.0000,1171.9900,902.0900,5.0000,840.0000,941.5500,1676.4800
366,934,2.9043,1.2199,11.0000,740.0000,1171.9900,902.0900,7.0000,759.0000,1694.0200,1960.9200
366,955,2.6178,1.2204,11.0000,740.0000,1171.9900,902.0900,7.0000,756.0000,1473.5900,1961.9600
366,976,3.9687,1.4260,11.0000,740.0000,1171.9900,902.0900,5.0000,717.0000,1508.9700,1722.4900
367,547,3.2324,1.3782,6.0000,884.0000,1798.3100,1897.8700,8.0000,482.0000,1411.4900,631.8100
367,683,1.5955,1.3582,6.0000,884.0000,1798.3100,1897.8700,8.0000,795.0000,1645.9900,644.6900
368,547,3.2581,1.5032,5.0000,789.0000,1853.3100,1792.8800,8.0000,482.0000,1411.4900,631.8100
368,683,2.2504,1.4833,5.0000,789.0000,1853.3100,1792.8800,8.0000,795.0000,1645.9900,644.6900
369,590,3.6512,1.2940,4.0000,825.0000,874.9900,784.5200,2.0000,636.0000,1438.1900,1435.9600
370,433,2.8812,1.3228,2.0000,301.0000,769.2300,731.2800,5.0000,210.0000,710.4900,483.3400
370,678,3.7832,1.2889,2.0000,301.0000,769.2300,731.2800,6.0000,170.0000,476.9900,600.2300
377,683,2.8127,1.4587,5.0000,1014.0000,1853.5700,1749.3100,8.0000,795.0000,1645.9900,644.6900
379,433,3.3556,1.2647,5.0000,654.0000,1272.8900,1724.6800,5.0000,210.0000,710.4900,483.3400
379,547,2.2431,1.4645,5.0000,654.0000,1272.8900,1724.6800,8.0000,482.0000,1411.4900,631.8100
379,683,2.5428,1.4446,5.0000,654.0000,1272.8900,1724.6800,8.0000,795.0000,1645.9900,644.6900
386,433,3.8988,1.2397,5.0000,651.0000,1573.3000,1682.0800,5.0000,210.0000,710.4900,483.3400
386,547,2.3404,1.4396,5.0000,651.0000,1573.3000,1682.0800,8.0000,482.0000,1411.4900,631.8100
386,683,2.3008,1.4197,5.0000,651.0000,1573.3000,1682.0800,8.0000,795.0000,1645.9900,644.6900
392,710,3.7297,1.2032,3.0000,139.0000,2428.8900,1345.6600,5.0000,516.0000,1878.4900,669.8500
394,710,3.4226,1.6241,2.0000,423.0000,1639.1700,1367.6400,5.0000,516.0000,1878.4900,669.8500
401,683,2.5984,1.1858,7.0000,1161.0000,1499.9700,1862.4500,8.0000,795.0000,1645.9900,644.6900
404,683,3.6254,1.4148,5.0000,1160.0000,1901.8300,1673.8900,8.0000,795.0000,1645.9900,644.6900
407,683,2.7097,1.1666,7.0000,776.0000,2447.8200,1826.9300,8.0000,795.0000,1645.9900,644.6900
409,547,3.1912,1.2000,7.0000,847.0000,1994.6200,1851.7000,8.0000,482.0000,1411.4900,631.8100
409,683,1.3716,1.1801,7.0000,847.0000,1994.6200,1851.7000,8.0000,795.0000,1645.9900,644.6900
410,547,3.0395,1.3643,6.0000,924.0000,1227.2100,1871.7600,8.0000,482.0000,1411.4900,631.8100
410,683,1.9705,1.3444,6.0000,924.0000,1227.2100,1871.7600,8.0000,795.0000,1645.9900,644.6900
414,433,2.2372,1.4369,3.0000,196.0000,1211.6800,1229.8700,5.0000,210.0000,710.4900,483.3400
414,445,2.7225,1.1567,3.0000,196.0000,1211.6800,1229.8700,3.0000,182.0000,347.8200,384.7700
414,547,3.7419,1.6368,3.0000,196.0000,1211.6800,1229.8700,8.0000,482.0000,1411.4900,631.8100
414,573,3.9540,1.4652,3.0000,196.0000,1211.6800,1229.8700,8.0000,177.0000,486.0600,751.5800
414,577,3.7703,1.4759,3.0000,196.0000,1211.6800,1229.8700,5.0000,104.0000,281.6700,464.6800
414,671,3.7778,1.2041,3.0000,196.0000,1211.6800,1229.8700,8.0000,392.0000,661.2700,978.1300
414,678,3.2401,1.4030,3.0000,196.0000,1211.6800,1229.8700,6.0000,170.0000,476.9900,600.2300
414,691,3.4005,1.2364,3.0000,196.0000,1211.6800,1229.8700,6.0000,248.0000,395.4000,710.1500
414,751,3.8070,1.2921,3.0000,196.0000,1211.6800,1229.8700,8.0000,403.0000,654.9700,895.1400
414,757,3.5825,1.2673,3.0000,196.0000,1211.6800,1229.8700,5.0000,103.0000,333.2200,573.5800
414,873,3.4318,1.1591,3.0000,196.0000,1211.6800,1229.8700,5.0000,57.0000,559.0500,639.7300
414,941,3.9450,1.2426,3.0000,196.0000,1211.6800,1229.8700,9.0000,191.0000,789.5200,1058.5000
414,968,3.8392,1.3772,3.0000,196.0000,1211.6800,1229.8700,7.0000,250.0000,364.7900,718.7100
414,969,3.4343,1.2311,3.0000,196.0000,1211.6800,1229.8700,5.0000,247.0000,296.5100,594.9300
417,547,3.1103,1.4448,5.0000,828.0000,1606.8400,1690.8200,8.0000,482.0000,1411.4900,631.8100
417,683,2.1420,1.4248,5.0000,828.0000,1606.8400,1690.8200,8.0000,795.0000,1645.9900,644.6900
419,433,2.5524,1.4762,3.0000,289.0000,1245.6700,1279.3100,5.0000,210.0000,710.4900,483.3400
419,445,3.0190,1.1960,3.0000,289.0000,1245.6700,1279.3100,3.0000,182.0000,347.8200,384.7700
419,547,3.5627,1.6761,3.0000,289.0000,1245.6700,1279.3100,8.0000,482.0000,1411.4900,631.8100
419,671,3.8015,1.2435,3.0000,289.0000,1245.6700,1279.3100,8.0000,392.0000,661.2700,978.1300
419,678,3.5950,1.4423,3.0000,289.0000,1245.6700,1279.3100,6.0000,170.0000,476.9900,600.2300
419,691,3.6264,1.2757,3.0000,289.0000,1245.6700,1279.3100,6.0000,248.0000,395.4000,710.1500
419,751,3.8190,1.3314,3.0000,289.0000,1245.6700,1279.3100,8.0000,403.0000,654.9700,895.1400
419,969,3.6544,1.2704,3.0000,289.0000,1245.6700,1279.3100,5.0000,247.0000,296.5100,594.9300
430,433,2.9590,1.6487,2.0000,91.0000,1073.7600,1013.7800,5.0000,210.0000,710.4900,483.3400
430,445,2.9808,1.3685,2.0000,91.0000,1073.7600,1013.7800,3.0000,182.0000,347.8200,384.7700
430,500,3.0358,1.3143,2.0000,91.0000,1073.7600,1013.7800,3.0000,224.0000,358.7700,406.3600
430,546,2.4200,1.1966,2.0000,91.0000,1073.7600,1013.7800,3.0000,80.0000,517.5400,457.4900
430,577,3.9346,1.6877,2.0000,91.0000,1073.7600,1013.7800,5.0000,104.0000,281.6700,464.6800
430,678,3.7457,1.6148,2.0000,91.0000,1073.7600,1013.7800,6.0000,170.0000,476.9900,600.2300
430,757,3.7574,1.4791,2.0000,91.0000,1073.7600,1013.7800,5.0000,103.0000,333.2200,573.5800
430,825,3.2441,1.3129,2.0000,91.0000,1073.7600,1013.7800,3.0000,154.0000,274.0400,406.9100
430,873,3.4196,1.3709,2.0000,91.0000,1073.7600,1013.7800,5.0000,57.0000,559.0500,639.7300
430,969,3.9625,1.4429,2.0000,91.0000,1073.7600,1013.7800,5.0000,247.0000,296.5100,594.9300
430,990,2.6466,1.2554,2.0000,91.0000,1073.7600,1013.7800,3.0000,175.0000,440.1900,431.1700
433,464,2.4152,1.3179,5.0000,210.0000,710.4900,483.3400,4.0000,217.0000,1506.4600,1455.3700
433,468,3.0118,1.2338,5.0000,210.0000,710.4900,483.3400,4.0000,627.0000,956.9800,1337.6300
433,526,3.4911,1.5470,5.0000,210.0000,710.4900,483.3400,3.0000,133.0000,1728.5000,1373.4000
433,527,3.4454,1.1668,5.0000,210.0000,710.4900,483.3400,4.0000,730.0000,799.2500,1250.6600
433,535,3.2223,1.1661,5.0000,210.0000,710.4900,483.3400,5.0000,233.0000,1862.0400,1562.2300
433,539,2.6137,1.1803,5.0000,210.0000,710.4900,483.3400,5.0000,320.0000,1584.5500,1584.7300
433,554,3.0781,1.2076,5.0000,210.0000,710.4900,483.3400,5.0000,504.0000,1502.6300,1628.6600
433,568,1.8778,1.2796,5.0000,210.0000,710.4900,483.3400,4.0000,199.0000,1310.0100,1400.5700
433,593,2.5520,1.2031,5.0000,210.0000,710.4900,483.3400,2.0000,68.0000,756.6100,648.5300
433,617,3.9914,1.4682,5.0000,210.0000,710.4900,483.3400,3.0000,29.0000,1632.8500,1269.1000
433,620,2.4465,1.2076,5.0000,210.0000,710.4900,483.3400,4.0000,72.0000,1367.2900,1302.9700
433,641,3.6472,1.2323,5.0000,210.0000,710.4900,483.3400,2.0000,521.0000,467.1900,667.8500
433,675,1.9151,1.3717,5.0000,210.0000,710.4900,483.3400,3.0000,186.0000,1068.3100,1152.0400
433,684,1.8777,1.1566,5.0000,210.0000,710.4900,483.3400,4.0000,420.0000,927.7400,1238.0400
433,690,3.3734,1.2908,5.0000,210.0000,710.4900,483.3400,4.0000,197.0000,1858.8400,1416.3300
433,724,2.5299,1.3137,5.0000,210.0000,710.4900,483.3400,4.0000,425.0000,1286.5400,1449.2600
433,770,1.8315,1.2000,5.0000,210.0000,710.4900,483.3400,3.0000,289.0000,853.7900,969.8500
433,822,2.9960,1.3370,5.0000,210.0000,710.4900,483.3400,4.0000,238.0000,1707.2800,1483.4800
433,857,3.6143,1.1829,5.0000,210.0000,710.4900,483.3400,5.0000,387.0000,1882.3500,1588.8000
433,888,3.3262,1.5212,5.0000,210.0000,710.4900,483.3400,3.0000,91.0000,1640.1500,1338.3000
433,893,3.7543,1.2426,5.0000,210.0000,710.4900,483.3400,5.0000,716.0000,1316.6000,1686.9800
433,906,3.4605,1.5378,5.0000,210.0000,710.4900,483.3400,3.0000,512.0000,1251.6000,1360.7600
433,907,3.9915,1.2364,5.0000,210.0000,710.4900,483.3400,5.0000,840.0000,941.5500,1676.4800
433,923,3.2555,1.2753,5.0000,210.0000,710.4900,483.3400,4.0000,103.0000,1790.0700,1394.5500
433,942,2.1992,1.4586,5.0000,210.0000,710.4900,483.3400,3.0000,280.0000,1090.3700,1256.9200
433,945,3.4068,1.3605,5.0000,210.0000,710.4900,483.3400,4.0000,317.0000,1793.2800,1518.9300
433,950,2.9630,1.5494,5.0000,210.0000,710.4900,483.3400,2.0000,274.0000,888.2400,917.7900
433,962,3.8449,1.3262,5.0000,210.0000,710.4900,483.3400,4.0000,333.0000,1934.7600,1467.5200
433,984,2.0136,1.3852,5.0000,210.0000,710.4900,483.3400,3.0000,278.0000,994.9000,1167.7800
436,547,3.8788,1.5318,4.0000,256.0000,2218.7400,1476.0300,8.0000,482.0000,1411.4900,631.8100
440,547,2.0473,1.1827,6.0000,690.0000,1009.3700,1559.8300,8.0000,482.0000,1411.4900,631.8100
440,683,2.4861,1.1628,6.0000,690.0000,1009.3700,1559.8300,8.0000,795.0000,1645.9900,644.6900
442,506,3.6464,1.3483,8.0000,75.0000,315.7100,593.8300,3.0000,98.0000,871.4600,866.0500
442,607,3.0169,1.2533,8.0000,75.0000,315.7100,593.8300,5.0000,96.0000,1105.4700,1312.1600
442,620,3.9089,1.4686,8.0000,75.0000,315.7100,593.8300,4.0000,72.0000,1367.2900,1302.9700
442,776,3.8154,1.2281,8.0000,75.0000,315.7100,593.8300,6.0000,164.0000,1460.2100,1535.3000
442,974,3.6247,1.3888,8.0000,75.0000,315.7100,593.8300,4.0000,184.0000,983.7700,1202.6900
445,888,3.9473,1.2410,3.0000,182.0000,347.8200,384.7700,3.0000,91.0000,1640.1500,1338.3000
445,906,3.8369,1.2576,3.0000,182.0000,347.8200,384.7700,3.0000,512.0000,1251.6000,1360.7600
445,942,2.5784,1.1784,3.0000,182.0000,347.8200,384.7700,3.0000,280.0000,1090.3700,1256.9200
445,950,2.7885,1.2692,3.0000,182.0000,347.8200,384.7700,2.0000,274.0000,888.2400,917.7900
447,547,2.0020,1.3023,5.0000,392.0000,1264.6000,1465.7200,8.0000,482.0000,1411.4900,631.8100
447,683,3.4748,1.2824,5.0000,392.0000,1264.6000,1465.7200,8.0000,795.0000,1645.9900,644.6900
452,770,3.9229,1.1862,7.0000,194.0000,202.4900,686.2300,3.0000,289.0000,853.7900,969.8500
459,547,3.7394,1.5015,5.0000,781.0000,2114.2700,1789.8500,8.0000,482.0000,1411.4900,631.8100
459,683,2.6492,1.4816,5.0000,781.0000,2114.2700,1789.8500,8.0000,795.0000,1645.9900,644.6900
461,547,3.5222,1.4200,5.0000,503.0000,2335.5500,1649.4200,8.0000,482.0000,1411.4900,631.8100
461,683,3.4471,1.4001,5.0000,503.0000,2335.5500,1649.4200,8.0000,795.0000,1645.9900,644.6900
464,547,3.0557,1.5177,4.0000,217.0000,1506.4600,1455.3700,8.0000,482.0000,1411.4900,631.8100
464,573,3.8973,1.3461,4.0000,217.0000,1506.4600,1455.3700,8.0000,177.0000,486.0600,751.5800
464,678,3.3813,1.2840,4.0000,217.0000,1506.4600,1455.3700,6.0000,170.0000,476.9900,600.2300
464,751,3.6139,1.1730,4.0000,217.0000,1506.4600,1455.3700,8.0000,403.0000,654.9700,895.1400
464,968,3.9167,1.2582,4.0000,217.0000,1506.4600,1455.3700,7.0000,250.0000,364.7900,718.7100
467,710,3.7507,1.5620,2.0000,251.0000,1916.4300,1285.2000,5.0000,516.0000,1878.4900,669.8500
468,547,3.0223,1.4336,4.0000,627.0000,956.9800,1337.6300,8.0000,482.0000,1411.4900,631.8100
468,678,3.8374,1.1998,4.0000,627.0000,956.9800,1337.6300,6.0000,170.0000,476.9900,600.2300
468,683,3.5869,1.4137,4.0000,627.0000,956.9800,1337.6300,8.0000,795.0000,1645.9900,644.6900
468,968,3.8477,1.1741,4.0000,627.0000,956.9800,1337.6300,7.0000,250.0000,364.7900,718.7100
471,607,3.3292,1.2112,10.0000,64.0000,455.9000,774.6400,5.0000,96.0000,1105.4700,1312.1600
471,776,3.8822,1.1860,10.0000,64.0000,455.9000,774.6400,6.0000,164.0000,1460.2100,1535.3000
491,710,2.9328,1.2547,3.0000,718.0000,1158.0200,1416.9800,5.0000,516.0000,1878.4900,669.8500
492,547,1.5881,1.2133,6.0000,323.0000,1477.2300,1608.5500,8.0000,482.0000,1411.4900,631.8100
492,683,3.3766,1.1934,6.0000,323.0000,1477.2300,1608.5500,8.0000,795.0000,1645.9900,644.6900
492,899,3.9182,1.2203,6.0000,323.0000,1477.2300,1608.5500,11.0000,273.0000,502.3700,862.6100
500,906,3.5848,1.2034,3.0000,224.0000,358.7700,406.3600,3.0000,512.0000,1251.6000,1360.7600
500,950,2.6066,1.2150,3.0000,224.0000,358.7700,406.3600,2.0000,274.0000,888.2400,917.7900
506,890,3.6478,1.1798,3.0000,98.0000,871.4600,866.0500,7.0000,125.0000,193.6200,616.2400
512,547,3.5445,1.2453,8.0000,1025.0000,1031.3300,2214.6400,8.0000,482.0000,1411.4900,631.8100
512,683,2.3021,1.2253,8.0000,1025.0000,1031.3300,2214.6400,8.0000,795.0000,1645.9900,644.6900
514,547,3.2836,1.6168,4.0000,463.0000,1963.4100,1607.3400,8.0000,482.0000,1411.4900,631.8100
514,683,3.6423,1.5969,4.0000,463.0000,1963.4100,1607.3400,8.0000,795.0000,1645.9900,644.6900
517,547,3.1427,1.4274,5.0000,586.0000,2135.3600,1661.6100,8.0000,482.0000,1411.4900,631.8100
517,683,2.8644,1.4074,5.0000,586.0000,2135.3600,1661.6100,8.0000,795.0000,1645.9900,644.6900
519,605,3.7347,1.1739,14.0000,481.0000,939.9900,877.1700,8.0000,633.0000,1308.3600,1639.1200
520,697,3.9865,1.1921,7.0000,172.0000,1486.8600,1557.9400,9.0000,52.0000,350.5800,601.8100
526,710,3.1221,1.2236,3.0000,133.0000,1728.5000,1373.4000,5.0000,516.0000,1878.4900,669.8500
527,547,3.4232,1.3666,4.0000,730.0000,799.2500,1250.6600,8.0000,482.0000,1411.4900,631.8100
527,683,3.7218,1.3467,4.0000,730.0000,799.2500,1250.6600,8.0000,795.0000,1645.9900,644.6900
533,547,2.0769,1.2122,6.0000,367.0000,1947.6800,1606.7600,8.0000,482.0000,1411.4900,631.8100
533,683,3.1104,1.1923,6.0000,367.0000,1947.6800,1606.7600,8.0000,795.0000,1645.9900,644.6900
535,547,2.7520,1.3659,5.0000,233.0000,1862.0400,1562.2300,8.0000,482.0000,1411.4900,631.8100
538,924,3.9348,1.2188,7.0000,344.0000,1242.0500,1514.4000,11.0000,198.0000,269.9500,695.6600
539,547,2.1747,1.3802,5.0000,320.0000,1584.5500,1584.7300,8.0000,482.0000,1411.4900,631.8100
539,573,3.8650,1.2086,5.0000,320.0000,1584.5500,1584.7300,8.0000,177.0000,486.0600,751.5800
539,683,3.6237,1.3602,5.0000,320.0000,1584.5500,1584.7300,8.0000,795.0000,1645.9900,644.6900
547,553,3.6690,1.3252,8.0000,482.0000,1411.4900,631.8100,5.0000,948.0000,898.6000,1499.6800
547,554,1.9698,1.4074,8.0000,482.0000,1411.4900,631.8100,5.0000,504.0000,1502.6300,1628.6600
547,562,2.5148,1.3201,8.0000,482.0000,1411.4900,631.8100,5.0000,716.0000,1111.2300,1492.0800
547,568,3.1032,1.4795,8.0000,482.0000,1411.4900,631.8100,4.0000,199.0000,1310.0100,1400.5700
547,607,3.5640,1.1921,8.0000,482.0000,1411.4900,631.8100,5.0000,96.0000,1105.4700,1312.1600
547,611,3.5377,1.2623,8.0000,482.0000,1411.4900,631.8100,7.0000,1000.0000,1620.4600,1971.2300
547,618,2.7939,1.2257,8.0000,482.0000,1411.4900,631.8100,6.0000,470.0000,2235.7200,1628.6000
547,643,3.8545,1.2069,8.0000,482.0000,1411.4900,631.8100,3.0000,269.0000,708.0500,799.1200
547,649,3.6845,1.3191,8.0000,482.0000,1411.4900,631.8100,6.0000,930.0000,1907.9500,1788.7500
547,666,3.4232,1.5525,8.0000,482.0000,1411.4900,631.8100,4.0000,348.0000,2047.0800,1507.0400
547,668,3.6112,1.3347,8.0000,482.0000,1411.4900,631.8100,7.0000,1033.0000,1013.0300,2119.8300
547,669,3.1907,1.6200,8.0000,482.0000,1411.4900,631.8100,4.0000,672.0000,1603.5200,1612.4300
547,675,3.7972,1.5715,8.0000,482.0000,1411.4900,631.8100,3.0000,186.0000,1068.3100,1152.0400
547,682,2.4104,1.3237,8.0000,482.0000,1411.4900,631.8100,6.0000,668.0000,1922.4500,1796.9800
547,684,2.8732,1.3565,8.0000,482.0000,1411.4900,631.8100,4.0000,420.0000,927.7400,1238.0400
547,690,3.4201,1.4906,8.0000,482.0000,1411.4900,631.8100,4.0000,197.0000,1858.8400,1416.3300
547,702,2.4956,1.3020,8.0000,482.0000,1411.4900,631.8100,5.0000,691.0000,1030.6400,1465.2600
547,724,2.6592,1.5135,8.0000,482.0000,1411.4900,631.8100,4.0000,425.0000,1286.5400,1449.2600
547,739,3.4194,1.2794,8.0000,482.0000,1411.4900,631.8100,6.0000,836.0000,2035.1700,1718.7900
547,744,2.2463,1.3039,8.0000,482.0000,1411.4900,631.8100,5.0000,579.0000,1018.5200,1468.0100
547,762,3.3543,1.2927,8.0000,482.0000,1411.4900,631.8100,7.0000,950.0000,1739.6200,2032.2300
547,764,1.3831,1.1936,8.0000,482.0000,1411.4900,631.8100,6.0000,522.0000,1210.8700,1577.0100
547,770,3.6931,1.3999,8.0000,482.0000,1411.4900,631.8100,3.0000,289.0000,853.7900,969.8500
547,771,3.6674,1.1902,8.0000,482.0000,1411.4900,631.8100,7.0000,953.0000,1918.2400,1833.5600
547,773,2.7491,1.4671,8.0000,482.0000,1411.4900,631.8100,5.0000,755.0000,1584.4100,1729.0800
547,776,2.5405,1.1669,8.0000,482.0000,1411.4900,631.8100,6.0000,164.0000,1460.2100,1535.3000
547,784,3.4224,1.5425,8.0000,482.0000,1411.4900,631.8100,4.0000,422.0000,2049.7100,1491.9000
547,793,1.5193,1.2580,8.0000,482.0000,1411.4900,631.8100,6.0000,384.0000,1656.0400,1682.3300
547,796,3.5794,1.2929,8.0000,482.0000,1411.4900,631.8100,6.0000,372.0000,2494.6900,1742.3400
547,801,3.1325,1.3017,8.0000,482.0000,1411.4900,631.8100,6.0000,751.0000,2085.9800,1757.8100
547,822,3.1182,1.5368,8.0000,482.0000,1411.4900,631.8100,4.0000,238.0000,1707.2800,1483.4800
547,839,3.7223,1.4239,8.0000,482.0000,1411.4900,631.8100,4.0000,842.0000,893.2500,1324.6400
547,857,2.4232,1.3827,8.0000,482.0000,1411.4900,631.8100,5.0000,387.0000,1882.3500,1588.8000
547,868,3.7980,1.5145,8.0000,482.0000,1411.4900,631.8100,4.0000,198.0000,2106.6300,1450.6700
547,874,3.6682,1.2393,8.0000,482.0000,1411.4900,631.8100,5.0000,908.0000,716.7000,1375.8800
547,886,3.3703,1.6621,8.0000,482.0000,1411.4900,631.8100,4.0000,764.0000,1417.9400,1682.1000
547,893,2.4530,1.4425,8.0000,482.0000,1411.4900,631.8100,5.0000,716.0000,1316.6000,1686.9800
547,902,3.2166,1.4174,8.0000,482.0000,1411.4900,631.8100,5.0000,659.0000,2083.1500,1645.0600
547,906,3.6122,1.7377,8.0000,482.0000,1411.4900,631.8100,3.0000,512.0000,1251.6000,1360.7600
547,907,3.1300,1.4363,8.0000,482.0000,1411.4900,631.8100,5.0000,840.0000,941.5500,1676.4800
547,910,3.6630,1.6003,8.0000,482.0000,1411.4900,631.8100,4.0000,840.0000,1375.4200,1580.9500
547,917,2.3159,1.1738,8.0000,482.0000,1411.4900,631.8100,5.0000,517.0000,919.2500,1288.3100
547,922,2.1317,1.2562,8.0000,482.0000,1411.4900,631.8100,5.0000,406.0000,1084.1600,1399.3900
547,923,3.8812,1.4752,8.0000,482.0000,1411.4900,631.8100,4.0000,103.0000,1790.0700,1394.5500
547,934,2.1156,1.2571,8.0000,482.0000,1411.4900,631.8100,7.0000,759.0000,1694.0200,1960.9200
547,942,3.5859,1.6585,8.0000,482.0000,1411.4900,631.8100,3.0000,280.0000,1090.3700,1256.9200
547,943,3.9459,1.4991,8.0000,482.0000,1411.4900,631.8100,5.0000,644.0000,2383.1700,1785.5300
547,945,3.0467,1.5604,8.0000,482.0000,1411.4900,631.8100,4.0000,317.0000,1793.2800,1518.9300
547,955,1.8465,1.2576,8.0000,482.0000,1411.4900,631.8100,7.0000,756.0000,1473.5900,1961.9600
547,962,3.2345,1.5260,8.0000,482.0000,1411.4900,631.8100,4.0000,333.0000,1934.7600,1467.5200
547,974,3.3331,1.3276,8.0000,482.0000,1411.4900,631.8100,4.0000,184.0000,983.7700,1202.6900
547,976,2.5284,1.4633,8.0000,482.0000,1411.4900,631.8100,5.0000,717.0000,1508.9700,1722.4900
547,984,3.6224,1.5851,8.0000,482.0000,1411.4900,631.8100,3.0000,278.0000,994.9000,1167.7800
553,683,3.1050,1.3052,5.0000,948.0000,898.6000,1499.6800,8.0000,795.0000,1645.9900,644.6900
554,678,3.9768,1.1736,5.0000,504.0000,1502.6300,1628.6600,6.0000,170.0000,476.9900,600.2300
554,683,2.8087,1.3875,5.0000,504.0000,1502.6300,1628.6600,8.0000,795.0000,1645.9900,644.6900
561,684,3.9234,1.2006,10.0000,472.0000,431.9500,924.6500,4.0000,420.0000,927.7400,1238.0400
562,683,2.6666,1.3002,5.0000,716.0000,1111.2300,1492.0800,8.0000,795.0000,1645.9900,644.6900
568,573,3.4480,1.3079,4.0000,199.0000,1310.0100,1400.5700,8.0000,177.0000,486.0600,751.5800
568,577,3.5421,1.3186,4.0000,199.0000,1310.0100,1400.5700,5.0000,104.0000,281.6700,464.6800
568,678,2.8610,1.2457,4.0000,199.0000,1310.0100,1400.5700,6.0000,170.0000,476.9900,600.2300
568,968,3.4470,1.2200,4.0000,199.0000,1310.0100,1400.5700,7.0000,250.0000,364.7900,718.7100
573,593,3.9948,1.2313,8.0000,177.0000,486.0600,751.5800,2.0000,68.0000,756.6100,648.5300
573,620,3.5559,1.2358,8.0000,177.0000,486.0600,751.5800,4.0000,72.0000,1367.2900,1302.9700
573,675,3.6758,1.4000,8.0000,177.0000,486.0600,751.5800,3.0000,186.0000,1068.3100,1152.0400
573,684,3.4381,1.1849,8.0000,177.0000,486.0600,751.5800,4.0000,420.0000,927.7400,1238.0400
573,770,3.6196,1.2283,8.0000,177.0000,486.0600,751.5800,3.0000,289.0000,853.7900,969.8500
573,942,3.9631,1.4869,8.0000,177.0000,486.0600,751.5800,3.0000,280.0000,1090.3700,1256.9200
573,984,3.7998,1.4135,8.0000,177.0000,486.0600,751.5800,3.0000,278.0000,994.9000,1167.7800
575,710,2.9336,1.2836,3.0000,555.0000,2342.7600,1458.6300,5.0000,516.0000,1878.4900,669.8500
577,593,3.0702,1.2420,5.0000,104.0000,281.6700,464.6800,2.0000,68.0000,756.6100,648.5300
577,620,3.3921,1.2466,5.0000,104.0000,281.6700,464.6800,4.0000,72.0000,1367.2900,1302.9700
577,675,3.3962,1.4107,5.0000,104.0000,281.6700,464.6800,3.0000,186.0000,1068.3100,1152.0400
577,684,3.6180,1.1956,5.0000,104.0000,281.6700,464.6800,4.0000,420.0000,927.7400,1238.0400
577,770,3.3726,1.2390,5.0000,104.0000,281.6700,464.6800,3.0000,289.0000,853.7900,969.8500
577,942,3.8333,1.4976,5.0000,104.0000,281.6700,464.6800,3.0000,280.0000,1090.3700,1256.9200
577,974,2.7115,1.1667,5.0000,104.0000,281.6700,464.6800,4.0000,184.0000,983.7700,1202.6900
577,984,3.6193,1.4242,5.0000,104.0000,281.6700,464.6800,3.0000,278.0000,994.9000,1167.7800
590,710,3.8528,1.6728,2.0000,636.0000,1438.1900,1435.9600,5.0000,516.0000,1878.4900,669.8500
593,646,3.4951,1.2180,2.0000,68.0000,756.6100,648.5300,4.0000,18.0000,289.0600,380.8800
593,678,3.1244,1.1691,2.0000,68.0000,756.6100,648.5300,6.0000,170.0000,476.9900,600.2300
602,683,3.3834,1.2578,5.0000,1050.0000,882.8600,1430.0400,8.0000,795.0000,1645.9900,644.6900
607,697,3.3266,1.3562,5.0000,96.0000,1105.4700,1312.1600,9.0000,52.0000,350.5800,601.8100
607,747,3.1673,1.2019,5.0000,96.0000,1105.4700,1312.1600,10.0000,87.0000,498.9600,781.9700
607,842,3.4450,1.2002,5.0000,96.0000,1105.4700,1312.1600,9.0000,51.0000,314.8100,704.9400
607,899,3.9323,1.1991,5.0000,96.0000,1105.4700,1312.1600,11.0000,273.0000,502.3700,862.6100
607,940,3.7386,1.3260,5.0000,96.0000,1105.4700,1312.1600,7.0000,83.0000,137.8400,482.6500
611,683,1.5190,1.2424,7.0000,1000.0000,1620.4600,1971.2300,8.0000,795.0000,1645.9900,644.6900
614,907,3.9783,1.2237,11.0000,816.0000,544.9900,1077.1200,5.0000,840.0000,941.5500,1676.4800
617,873,3.5410,1.1904,3.0000,29.0000,1632.8500,1269.1000,5.0000,57.0000,559.0500,639.7300
618,683,2.9614,1.2057,6.0000,470.0000,2235.7200,1628.6000,8.0000,795.0000,1645.9900,644.6900
620,646,3.7830,1.2225,4.0000,72.0000,1367.2900,1302.9700,4.0000,18.0000,289.0600,380.8800
620,678,3.0337,1.1737,4.0000,72.0000,1367.2900,1302.9700,6.0000,170.0000,476.9900,600.2300
649,683,1.9112,1.2992,6.0000,930.0000,1907.9500,1788.7500,8.0000,795.0000,1645.9900,644.6900
668,683,2.4394,1.3148,7.0000,1033.0000,1013.0300,2119.8300,8.0000,795.0000,1645.9900,644.6900
669,683,3.0234,1.6000,4.0000,672.0000,1603.5200,1612.4300,8.0000,795.0000,1645.9900,644.6900
671,942,3.5605,1.2258,8.0000,392.0000,661.2700,978.1300,3.0000,280.0000,1090.3700,1256.9200
673,683,3.3881,1.3968,5.0000,778.0000,2423.4700,1643.9600,8.0000,795.0000,1645.9900,644.6900
675,678,2.9053,1.3378,3.0000,186.0000,1068.3100,1152.0400,6.0000,170.0000,476.9900,600.2300
675,691,3.0712,1.1711,3.0000,186.0000,1068.3100,1152.0400,6.0000,248.0000,395.4000,710.1500
675,751,3.6206,1.2268,3.0000,186.0000,1068.3100,1152.0400,8.0000,403.0000,654.9700,895.1400
675,757,3.2100,1.2021,3.0000,186.0000,1068.3100,1152.0400,5.0000,103.0000,333.2200,573.5800
675,941,3.7590,1.1774,3.0000,186.0000,1068.3100,1152.0400,9.0000,191.0000,789.5200,1058.5000
675,968,3.5315,1.3120,3.0000,186.0000,1068.3100,1152.0400,7.0000,250.0000,364.7900,718.7100
675,969,3.0739,1.1659,3.0000,186.0000,1068.3100,1152.0400,5.0000,247.0000,296.5100,594.9300
678,724,3.5379,1.2798,6.0000,170.0000,476.9900,600.2300,4.0000,425.0000,1286.5400,1449.2600
678,770,2.8254,1.1661,6.0000,170.0000,476.9900,600.2300,3.0000,289.0000,853.7900,969.8500
678,822,3.9416,1.3030,6.0000,170.0000,476.9900,600.2300,4.0000,238.0000,1707.2800,1483.4800
678,942,3.2402,1.4247,6.0000,170.0000,476.9900,600.2300,3.0000,280.0000,1090.3700,1256.9200
678,950,3.9010,1.5155,6.0000,170.0000,476.9900,600.2300,2.0000,274.0000,888.2400,917.7900
678,984,3.0447,1.3513,6.0000,170.0000,476.9900,600.2300,3.0000,278.0000,994.9000,1167.7800
682,683,1.7650,1.3038,6.0000,668.0000,1922.4500,1796.9800,8.0000,795.0000,1645.9900,644.6900
683,688,3.3290,1.4563,8.0000,795.0000,1645.9900,644.6900,5.0000,1143.0000,1217.7200,1745.0900
683,702,2.8459,1.2821,8.0000,795.0000,1645.9900,644.6900,5.0000,691.0000,1030.6400,1465.2600
683,724,3.7475,1.4936,8.0000,795.0000,1645.9900,644.6900,4.0000,425.0000,1286.5400,1449.2600
683,739,1.9021,1.2594,8.0000,795.0000,1645.9900,644.6900,6.0000,836.0000,2035.1700,1718.7900
683,743,3.7882,1.4096,8.0000,795.0000,1645.9900,644.6900,5.0000,1077.0000,2234.3500,1665.2300
683,744,3.1206,1.2840,8.0000,795.0000,1645.9900,644.6900,5.0000,579.0000,1018.5200,1468.0100
683,750,2.8000,1.1596,8.0000,795.0000,1645.9900,644.6900,8.0000,1134.0000,1049.8400,2073.1300
683,762,1.2945,1.2728,8.0000,795.0000,1645.9900,644.6900,7.0000,950.0000,1739.6200,2032.2300
683,764,2.6458,1.1737,8.0000,795.0000,1645.9900,644.6900,6.0000,522.0000,1210.8700,1577.0100
683,771,1.6114,1.1703,8.0000,795.0000,1645.9900,644.6900,7.0000,953.0000,1918.2400,1833.5600
683,773,2.1369,1.4471,8.0000,795.0000,1645.9900,644.6900,5.0000,755.0000,1584.4100,1729.0800
683,784,3.8530,1.5225,8.0000,795.0000,1645.9900,644.6900,4.0000,422.0000,2049.7100,1491.9000
683,793,2.9469,1.2381,8.0000,795.0000,1645.9900,644.6900,6.0000,384.0000,1656.0400,1682.3300
683,796,3.8906,1.2730,8.0000,795.0000,1645.9900,644.6900,6.0000,372.0000,2494.6900,1742.3400
683,801,1.9543,1.2818,8.0000,795.0000,1645.9900,644.6900,6.0000,751.0000,2085.9800,1757.8100
683,811,3.1091,1.4059,8.0000,795.0000,1645.9900,644.6900,5.0000,1120.0000,1514.9100,1658.9700
683,837,3.3340,1.4252,8.0000,795.0000,1645.9900,644.6900,5.0000,905.0000,2317.3100,1691.3800
683,839,3.5592,1.4040,8.0000,795.0000,1645.9900,644.6900,4.0000,842.0000,893.2500,1324.6400
683,847,2.7740,1.2923,8.0000,795.0000,1645.9900,644.6900,6.0000,1148.0000,1525.8100,1776.4800
683,849,3.1072,1.4929,8.0000,795.0000,1645.9900,644.6900,5.0000,1010.0000,2054.2100,1810.3700
683,852,3.4362,1.3969,8.0000,795.0000,1645.9900,644.6900,6.0000,1203.0000,1900.4800,1972.8800
683,853,3.1524,1.5771,8.0000,795.0000,1645.9900,644.6900,4.0000,810.0000,1852.3100,1575.8700
683,857,3.3155,1.3628,8.0000,795.0000,1645.9900,644.6900,5.0000,387.0000,1882.3500,1588.8000
683,874,3.4373,1.2194,8.0000,795.0000,1645.9900,644.6900,5.0000,908.0000,716.7000,1375.8800
683,886,3.0006,1.6422,8.0000,795.0000,1645.9900,644.6900,4.0000,764.0000,1417.9400,1682.1000
683,893,2.3709,1.4226,8.0000,795.0000,1645.9900,644.6900,5.0000,716.0000,1316.6000,1686.9800
683,902,2.6406,1.3975,8.0000,795.0000,1645.9900,644.6900,5.0000,659.0000,2083.1500,1645.0600
683,907,2.9093,1.4163,8.0000,795.0000,1645.9900,644.6900,5.0000,840.0000,941.5500,1676.4800
683,908,3.3646,1.1836,8.0000,795.0000,1645.9900,644.6900,7.0000,1086.0000,2319.8100,1858.3600
683,910,3.0539,1.5804,8.0000,795.0000,1645.9900,644.6900,4.0000,840.0000,1375.4200,1580.9500
683,922,3.6246,1.2363,8.0000,795.0000,1645.9900,644.6900,5.0000,406.0000,1084.1600,1399.3900
683,934,0.7238,1.2372,8.0000,795.0000,1645.9900,644.6900,7.0000,759.0000,1694.0200,1960.9200
683,943,3.2861,1.4792,8.0000,795.0000,1645.9900,644.6900,5.0000,644.0000,2383.1700,1785.5300
683,948,3.2430,1.5367,8.0000,795.0000,1645.9900,644.6900,4.0000,932.0000,1287.3400,1513.2800
683,955,0.9313,1.2377,8.0000,795.0000,1645.9900,644.6900,7.0000,756.0000,1473.5900,1961.9600
683,976,2.2027,1.4433,8.0000,795.0000,1645.9900,644.6900,5.0000,717.0000,1508.9700,1722.4900
683,985,3.7191,1.2149,8.0000,795.0000,1645.9900,644.6900,7.0000,1109.0000,2397.2900,1917.5700
683,991,3.3398,1.4828,8.0000,795.0000,1645.9900,644.6900,5.0000,895.0000,2329.6900,1791.9600
691,942,3.2569,1.2581,6.0000,248.0000,395.4000,710.1500,3.0000,280.0000,1090.3700,1256.9200
691,950,3.8671,1.3489,6.0000,248.0000,395.4000,710.1500,2.0000,274.0000,888.2400,917.7900
691,984,3.0449,1.1847,6.0000,248.0000,395.4000,710.1500,3.0000,278.0000,994.9000,1167.7800
693,995,1.6315,1.1572,1.0000,1112.0000,2011.4400,1423.8500,1.0000,1082.0000,1809.4900,446.9400
697,840,3.1842,1.1957,9.0000,52.0000,350.5800,601.8100,5.0000,117.0000,953.0600,1116.8000
699,710,3.3185,1.5820,2.0000,370.0000,1554.5000,1311.2300,5.0000,516.0000,1878.4900,669.8500
710,719,3.9188,1.4624,5.0000,516.0000,1878.4900,669.8500,2.0000,616.0000,968.9300,1163.1000
710,734,3.4665,1.3055,5.0000,516.0000,1878.4900,669.8500,3.0000,665.0000,2418.1600,1490.9600
710,766,3.3946,1.5736,5.0000,516.0000,1878.4900,669.8500,2.0000,252.0000,1545.9400,1300.1900
710,779,3.6535,1.6141,5.0000,516.0000,1878.4900,669.8500,2.0000,296.0000,1878.7000,1354.0000
710,823,3.3670,1.5602,5.0000,516.0000,1878.4900,669.8500,2.0000,299.0000,1612.7000,1282.8000
710,854,3.1276,1.3264,5.0000,516.0000,1878.4900,669.8500,3.0000,760.0000,2073.2500,1522.4500
710,888,3.5907,1.1977,5.0000,516.0000,1878.4900,669.8500,3.0000,91.0000,1640.1500,1338.3000
710,895,2.0075,1.2565,5.0000,516.0000,1878.4900,669.8500,3.0000,560.0000,1664.1500,1419.4800
710,906,2.3608,1.2143,5.0000,516.0000,1878.4900,669.8500,3.0000,512.0000,1251.6000,1360.7600
710,912,2.4195,1.2697,5.0000,516.0000,1878.4900,669.8500,3.0000,327.0000,2141.9200,1438.4100
710,933,3.0900,1.2931,5.0000,516.0000,1878.4900,669.8500,3.0000,334.0000,2449.8900,1472.5300
710,950,3.7481,1.2259,5.0000,516.0000,1878.4900,669.8500,2.0000,274.0000,888.2400,917.7900
710,958,2.4441,1.2329,5.0000,516.0000,1878.4900,669.8500,3.0000,240.0000,1895.6700,1386.3300
712,995,1.5918,1.1862,1.0000,1058.0000,1601.0400,1465.9000,1.0000,1082.0000,1809.4900,446.9400
716,719,3.9889,1.1674,5.0000,831.0000,432.8000,901.3600,2.0000,616.0000,968.9300,1163.1000
724,751,3.2001,1.1688,4.0000,425.0000,1286.5400,1449.2600,8.0000,403.0000,654.9700,895.1400
724,769,3.8159,1.1849,4.0000,425.0000,1286.5400,1449.2600,9.0000,597.0000,625.9900,990.8400
724,968,3.8048,1.2540,4.0000,425.0000,1286.5400,1449.2600,7.0000,250.0000,364.7900,718.7100
730,924,3.9053,1.2863,6.0000,436.0000,914.5300,1389.1100,11.0000,198.0000,269.9500,695.6600
747,776,3.6118,1.1767,10.0000,87.0000,498.9600,781.9700,6.0000,164.0000,1460.2100,1535.3000
747,974,3.8955,1.3374,10.0000,87.0000,498.9600,781.9700,4.0000,184.0000,983.7700,1202.6900
748,995,3.8322,1.1735,1.0000,809.0000,1734.5600,1447.2500,1.0000,1082.0000,1809.4900,446.9400
751,942,3.5786,1.3138,8.0000,403.0000,654.9700,895.1400,3.0000,280.0000,1090.3700,1256.9200
751,984,3.4502,1.2404,8.0000,403.0000,654.9700,895.1400,3.0000,278.0000,994.9000,1167.7800
752,984,3.9831,1.2175,8.0000,534.0000,429.8800,916.0200,3.0000,278.0000,994.9000,1167.7800
757,942,3.6648,1.2891,5.0000,103.0000,333.2200,573.5800,3.0000,280.0000,1090.3700,1256.9200
757,984,3.4553,1.2157,5.0000,103.0000,333.2200,573.5800,3.0000,278.0000,994.9000,1167.7800
764,899,3.8471,1.2006,6.0000,522.0000,1210.8700,1577.0100,11.0000,273.0000,502.3700,862.6100
766,931,3.8594,1.2216,2.0000,252.0000,1545.9400,1300.1900,3.0000,275.0000,543.7400,572.7300
776,899,3.8595,1.1739,6.0000,164.0000,1460.2100,1535.3000,11.0000,273.0000,502.3700,862.6100
794,974,3.8046,1.2609,10.0000,150.0000,418.4100,844.9000,4.0000,184.0000,983.7700,1202.6900
800,924,3.9898,1.2094,7.0000,150.0000,1379.3500,1500.0900,11.0000,198.0000,269.9500,695.6600
820,984,3.9413,1.1872,9.0000,444.0000,725.3100,1062.5200,3.0000,278.0000,994.9000,1167.7800
825,950,3.2020,1.2137,3.0000,154.0000,274.0400,406.9100,2.0000,274.0000,888.2400,917.7900
840,924,3.9341,1.2506,5.0000,117.0000,953.0600,1116.8000,11.0000,198.0000,269.9500,695.6600
840,940,3.4516,1.1655,5.0000,117.0000,953.0600,1116.8000,7.0000,83.0000,137.8400,482.6500
873,888,3.7628,1.2434,5.0000,57.0000,559.0500,639.7300,3.0000,91.0000,1640.1500,1338.3000
873,942,3.7088,1.1808,5.0000,57.0000,559.0500,639.7300,3.0000,280.0000,1090.3700,1256.9200
890,974,3.5548,1.2203,7.0000,125.0000,193.6200,616.2400,4.0000,184.0000,983.7700,1202.6900
899,917,3.9446,1.1808,11.0000,273.0000,502.3700,862.6100,5.0000,517.0000,919.2500,1288.3100
899,922,3.8986,1.2632,11.0000,273.0000,502.3700,862.6100,5.0000,406.0000,1084.1600,1399.3900
920,995,1.5241,1.1870,1.0000,1041.0000,1630.2500,1466.9500,1.0000,1082.0000,1809.4900,446.9400
939,995,3.3393,1.1927,1.0000,1002.0000,2320.1300,1475.4000,1.0000,1082.0000,1809.4900,446.9400
941,984,3.8997,1.1910,9.0000,191.0000,789.5200,1058.5000,3.0000,278.0000,994.9000,1167.7800
942,968,3.7137,1.3990,3.0000,280.0000,1090.3700,1256.9200,7.0000,250.0000,364.7900,718.7100
942,969,3.2519,1.2528,3.0000,280.0000,1090.3700,1256.9200,5.0000,247.0000,296.5100,594.9300
950,969,3.7177,1.3436,2.0000,274.0000,888.2400,917.7900,5.0000,247.0000,296.5100,594.9300
950,990,2.5193,1.1562,2.0000,274.0000,888.2400,917.7900,3.0000,175.0000,440.1900,431.1700
968,984,3.5168,1.3256,7.0000,250.0000,364.7900,718.7100,3.0000,278.0000,994.9000,1167.7800
969,984,3.0143,1.1794,5.0000,247.0000,296.5100,594.9300,3.0000,278.0000,994.9000,1167.7800
984,992,3.9365,1.1812,3.0000,278.0000,994.9000,1167.7800,8.0000,372.0000,348.3700,950.2400
