trip_duration_days,miles_traveled,total_receipts_amount
3,191,21.87
1,81,3.93
3,204,16.76
1,64,22.47
3,204,22.19
1,51,17.84
3,207,18.16
1,182,11.75
1,164,9.59
2,109,14.74
1,110,9.81
1,50,0.27
2,41,2.06
3,143,24.16
2,53,2.24
3,205,1.96
3,163,15.86
3,38,1.85
3,182,2.42
3,144,9.52
2,192,13.65
1,29,17.29
1,167,1.14
2,30,6.32
3,160,24.82
1,167,22.49
1,194,1.44
2,70,2.48
1,143,4.06
3,168,0.83
2,141,9.16
2,165,9.62
2,162,5.18
1,147,7.96
2,45,13.79
2,53,17.66
2,179,19.26
1,41,17.06
3,133,14.89
2,164,22.83
1,34,19.68
1,158,23.46
2,50,24.81
3,45,8.01
1,32,2.19
1,32,21.24
3,187,15.92
1,129,15.66
3,41,12.47
2,102,15.32
3,154,6.9
3,79,17.07
1,91,23.11
3,164,8.58
3,80,10.14
2,199,19.16
3,185,6.81
2,148,6.62
1,28,12.2
3,158,22.15
1,37,5.4
2,64,9.99
2,95,3.33
1,115,23.11
3,168,14.87
3,66,4.87
2,119,16.17
3,147,19.52
3,186,19.58
3,190,10.98
2,105,10.56
3,10,22.04
1,49,2.59
3,205,13.12
2,56,11.68
3,110,19.42
1,74,3.23
2,192,9.9
2,174,9.43
2,22,11.95
2,58,18.66
2,57,7.06
2,60,4.18
1,80,4.75
3,15,24.86
3,176,13.54
1,148,2.15
2,82,17.51
1,113,24.76
2,113,0.31
1,152,21.42
2,123,1.81
3,105,18.69
1,118,13.64
2,146,19.39
3,31,18.6
2,205,18.62
1,186,22.66
3,57,11.63
2,157,18.2
5,389,423.41
5,402,1398.41
5,283,610.77
5,805,1321.66
5,680,778.66
5,103,469.84
5,264,1234.12
5,665,1060.18
5,290,527.13
5,323,1143.58
5,131,596.78
5,273,1532.89
5,711,971.64
5,641,1141.7
5,815,966.17
5,213,1459.76
5,583,266.32
5,128,586.82
5,360,964.13
5,146,608.05
5,774,1262.9
5,636,1251.94
5,239,706.12
5,847,603.11
5,129,646.63
5,620,1326.79
5,399,319.42
5,274,531.99
5,52,493.31
5,616,178.66
5,342,1302.36
5,411,683.98
5,713,519.06
5,705,202.99
5,361,1119.02
5,427,220.66
5,178,935.48
5,656,929.35
5,288,1365.81
5,562,444.56
5,230,533.79
5,298,811.29
5,573,742.77
5,648,99.23
5,762,491.48
5,605,963.51
5,557,1493.93
5,513,1352.63
5,689,276.79
5,345,1267.3
5,719,216.37
5,490,1326.91
5,450,741.83
5,519,1146.75
5,125,1247.3
5,196,801.36
5,836,657.77
5,288,965.55
5,485,217.71
5,114,594.61
5,455,979.22
5,202,209.14
5,669,659.98
5,277,692.71
5,376,1286.37
5,732,848.46
5,332,331.21
5,288,416.49
5,801,1233.24
5,67,64.42
5,359,216.75
5,689,372.23
5,325,575.91
5,155,1022.2
5,188,1142.37
5,759,842
5,589,1234.38
5,296,478.2
5,270,284.47
5,55,712.64
5,562,1178.89
5,273,1052.61
5,223,825.01
5,808,1265.63
5,818,486.9
5,87,896.07
5,162,663.77
5,700,273.82
5,141,778.22
5,516,1150.26
5,371,1501.91
5,537,883
5,622,492.17
5,152,340.01
5,77,281.02
5,629,709.22
5,779,436.92
5,330,113.97
5,367,112.29
5,415,575.13
9,1099,1668.45
9,269,1781.44
12,1000,675.11
9,579,440.25
9,108,1437.72
12,1014,1213.65
11,612,445.84
9,595,242.11
9,1078,105.31
12,725,922.1
9,444,1221.57
10,433,903.88
11,175,1177.54
10,646,430.63
9,807,1917.21
12,439,1231.15
8,421,1964.5
10,404,752.54
8,946,969.17
10,684,900.63
10,766,107.29
12,700,606.73
12,940,1674.57
11,554,1900.81
11,1040,799.87
8,155,1099.49
9,685,724.93
8,886,1644.78
10,488,525.26
11,422,2049.39
8,155,218.69
9,508,1150.51
12,495,389.65
11,117,1967.99
8,718,314.27
9,881,1912.66
11,710,233.95
8,669,1270.19
11,528,1118.12
10,183,1305.02
10,640,493.27
9,122,1372.11
10,133,349.52
8,614,1198.26
12,150,1725.15
11,819,1014.21
9,949,1087.59
11,866,2099.94
9,429,1624.59
12,804,998.65
10,1084,336.27
11,996,118.49
10,906,1015.59
9,277,1821.25
11,829,1652.34
9,632,475.09
8,322,1293.11
8,544,276.63
11,649,858.75
10,671,567.83
8,292,1894.94
11,466,1717.49
12,669,1308.88
11,1035,222.42
8,512,1984.46
12,402,1759.03
12,715,977.71
8,1044,457.43
12,667,723.21
10,921,1445.95
10,594,1129.84
11,597,1379.55
8,513,1152.9
8,1026,166.27
8,683,114.33
10,235,597.87
12,645,1395.76
8,776,735.33
8,687,1050.25
11,361,323.83
9,1024,1378.79
8,874,426.01
10,895,707.11
10,1021,1557.6
8,511,1439.85
10,953,970.16
9,984,1913.9
9,223,827.49
10,602,2083.44
9,970,213.74
10,1037,968.3
8,886,1350.03
9,1039,1330.31
11,968,1558.26
11,561,325.85
8,164,1590.94
10,448,497.33
11,1075,2070.49
9,561,1508.97
10,587,1869.74
7,847,672.46
6,836,233.1
1,953,1165.9
4,907,289.91
2,636,1222.89
5,608,208.47
1,658,831.92
2,961,1160.73
3,733,1094.09
7,633,1004.04
1,995,799.54
2,804,1000.73
4,623,779.78
1,881,979.66
2,653,994.8
7,611,90.51
5,846,462.08
1,674,519.53
2,734,848.54
1,729,855.65
6,754,893.98
5,710,151.86
3,720,447.94
4,615,1113.95
4,691,1180.46
1,906,877.7
5,974,634.93
6,605,1173.36
1,641,987.55
4,764,550.89
2,679,112.77
2,930,115.16
2,874,298.18
7,990,992.07
3,793,999.93
4,745,286.12
3,609,461
2,903,51.49
5,843,378.05
5,932,455.93
3,725,112.02
5,771,91.77
3,815,951.24
7,759,712.74
7,671,125.76
3,727,738.52
4,799,926.48
2,873,72.47
1,807,789.14
5,869,574.16
7,799,1019.86
4,909,573.21
2,842,333.45
5,867,568.5
2,625,435.72
3,686,312.73
2,881,1071.94
3,908,1069.38
2,626,354.6
3,621,290.87
3,631,413.93
2,685,870.75
6,958,1150.07
3,819,1057.52
2,773,95.48
5,732,1234.94
5,941,840.25
1,930,662.74
3,745,219.84
1,916,899.59
7,671,382.72
2,644,859.31
3,929,1069.45
3,671,1047.82
3,916,982.91
6,668,554.34
2,840,1140.61
2,659,368.17
3,758,371.29
7,618,713.57
4,621,330.05
5,909,382.46
1,928,1155.97
1,673,407.71
4,961,756.98
2,924,504.06
7,988,983.04
1,828,62.05
3,617,636.04
5,637,901.81
2,781,397.22
5,852,391.78
1,916,528.22
2,724,1153.01
7,771,1128.93
6,795,511.77
4,717,1004.2
3,921,469.02
6,891,447.64
6,686,1158.71
10,481,479.49
1,631,598.99
9,374,473.49
8,583,652.49
3,561,635.99
3,214,537.99
10,91,661.49
6,593,380.99
7,62,63.49
9,436,797.49
2,806,384.49
3,738,772.99
10,125,347.49
7,748,111.49
8,196,467.49
6,71,363.49
10,832,509.99
3,441,120.99
8,801,710.99
3,353,103.49
5,762,545.99
3,227,512.99
6,433,251.49
8,500,148.99
6,227,488.99
6,297,507.99
8,659,674.49
4,368,633.49
4,162,145.49
9,762,692.99
4,177,196.99
3,825,310.99
8,210,792.99
4,798,611.99
4,264,496.99
10,759,810.49
6,640,74.49
3,804,560.49
10,150,129.49
3,675,709.49
7,761,264.99
10,384,353.99
2,499,490.49
1,397,735.49
6,73,274.99
9,694,474.99
2,689,86.99
5,223,785.49
10,517,668.99
3,596,291.49
1,433.47,200.17
1,361.45,293.26
1,426.87,370.23
1,388.5,786.9
2,779.35,899.04
2,565.77,504.44
3,778.34,566.08
3,1177.15,162.38
1,325.99,575.68
1,268.21,863.78
3,954.91,510.15
3,1000.97,423.79
2,653.63,661.58
2,582.77,635.19
3,1096.2,834.56
1,401.78,601.52
3,988.12,553.67
2,806.9,841.31
2,855.34,894.43
1,256.67,424.79
3,965.03,141.76
2,549.17,812.66
3,753.78,822.5
2,590.71,864.93
2,781.95,530.21
3,1252.29,401.95
2,803.52,804.34
3,1120.65,722.51
3,1142.55,523.13
1,331.7,537.72
2,549.33,477.49
2,688.49,521.5
1,338.5,317.38
1,334.04,413.75
3,1078.95,411.04
2,855.3,369.34
3,1138.76,798.2
2,883.98,613.62
3,812.76,225.87
3,1248.84,738.48
1,272.37,649.32
2,654.88,114.82
1,408.46,547.84
3,1001.77,319.53
1,445.6,460.16
1,287.52,410.39
2,775.05,803.21
2,541.81,741.29
3,1132.53,418.09
3,1251.09,162.84
2,789.97,715.83
2,840.96,613.85
2,760.34,301.78
1,275.39,290.54
2,770.1,756.19
1,262.43,294.99
3,1301.45,351.22
2,603.13,370.18
2,818.36,626.06
2,684.96,198.12
2,678.1,645.7
3,785.61,193.84
2,610.59,423.86
1,284.28,573.66
1,277.02,352.96
2,809.16,571.96
3,1022.71,166.54
3,959.24,839.34
2,734.84,632.73
1,354.56,576.14
3,1023.03,636.39
3,1213.43,291.53
3,877.99,843.39
1,296.78,564.88
1,318.2,739.42
1,257.52,596.37
2,681.43,303.32
1,372.2,837.52
3,1164.8,516.89
1,295.27,492.73
2,601.3,453.81
3,756.03,622.23
1,435.03,828.79
2,826.24,326.9
1,404.81,296
1,370.51,845.76
3,1348.59,643.79
1,348.64,391.87
3,831.62,756.87
2,633.16,331.36
1,425.87,871.81
2,660.4,804.53
2,507.53,708.66
1,325.25,137.92
1,327.8,588.3
1,280.86,556.8
3,778.51,835.46
3,951.97,752.25
1,355.38,512.58
3,1263.27,341.13
6,176.28,1258.98
6,108.9,883.68
6,202.45,1004.71
9,213.89,1052.62
5,146.53,1013.62
5,89.08,252.45
8,158.81,337
7,113.84,519.52
8,110.92,831.72
6,89.81,1186.37
8,225,467.53
5,171.63,1291.57
9,222.77,600.3
7,159.44,360.51
6,91.69,1263.17
9,134.56,286.44
5,73.06,617.52
5,75.5,455.96
9,107.96,665.92
9,188.8,999.66
5,172.38,424.04
6,171.38,230.39
6,167.07,662.02
9,327.51,1103.06
7,78.59,978.78
9,155.14,274.69
8,110.51,1241.1
8,164.17,324.01
8,239.99,922.83
6,199.34,235.26
8,110.08,276.55
6,154.38,849.34
5,108.81,454.55
6,69.34,357.47
9,187.81,404.58
6,141.73,1355.67
9,217.31,969.58
8,289.14,644.78
5,123.75,887.34
9,247.11,869.23
8,154.78,1330.84
9,324.6,529.55
8,278.28,768.69
8,262.93,1286.83
9,219.83,282.75
6,202.89,1146.49
5,196.67,1287.69
9,196.2,877.97
5,78.67,746.61
5,64.61,1185.92
8,192.02,1128.66
6,150.51,538.46
9,231.78,1278.6
5,126.28,1283.41
5,65.56,430.65
6,88.56,1228.95
6,168.28,629.76
6,151.28,208.96
5,82.26,681.53
6,139.56,1386.83
7,266.82,553.82
8,211.95,826.13
5,58.26,1008.35
9,127.15,1256.6
6,62.96,1267.7
7,203.2,551.1
5,114.06,871.03
5,130.83,1201.76
7,241.77,1071.36
6,221.64,339.96
9,284.05,1141.06
5,60.47,211.13
5,78.74,1308.25
5,67.72,299.35
9,355.94,360.22
5,183.43,1136.34
9,320.32,914.27
6,105.64,533.01
9,333.05,1076.69
5,54.1,846.26
5,134.48,719.68
6,199.2,457.99
8,220.73,345.71
6,226.82,1197.75
9,180.95,573.25
7,108.53,388.75
7,153.79,1347.03
5,137.19,1301.52
8,303.56,205.85
7,236.94,1323.63
5,139.04,209.38
7,160.74,824.95
6,193.41,483.2
9,134.12,719.8
9,288.43,649.06
5,86.28,973.41
6,179.48,348.01
9,98.74,954.21
5,174.27,1391.87
6,70.83,601.32
8,817,1110.29
7,986,1205.82
9,1004,1323.92
9,904,1013.85
6,1067,1622.51
9,1124,1493.19
9,959,1166.22
7,1180,1602.7
7,1128,1062.71
7,1044,1696.4
8,1140,1392.93
7,1164,1410.78
8,807,1534.06
7,1146,1736.56
9,963,1663.9
9,1004,1398.73
9,831,1534.89
9,957,1179.02
8,912,1430.54
8,1041,1639.18
8,905,1619.56
8,808,1461.82
7,990,1087.81
7,981,1737.94
9,989,1099.7
6,1171,1599.03
7,928,1233.78
8,1149,1121.03
6,802,1593.81
7,1133,1279.86
9,905,1616.54
9,877,1176.37
7,1143,1452.33
7,1149,1609.84
7,1122,1150.7
9,877,1743.03
6,882,1482.15
9,1057,1410.97
9,1150,1791.96
6,824,1547.56
8,826,1310.47
9,1069,1372.94
7,1113,1555.96
8,809,1268.68
8,813,1400.63
9,1081,1608.05
7,850,1731.77
9,873,1749.38
9,1167,1335.68
8,1199,1200.51
6,948,1488.23
8,1031,1513.88
6,1154,1140.09
7,946,1515.25
9,1119,1418.19
8,966,1796.25
7,1003,1589.65
8,1029,1061.78
6,1153,1305.31
6,1177,1083.48
6,1150,1627.62
7,880,1775.57
6,1055,1793.52
8,950,1525.47
7,1002,1731.44
8,1070,1747.86
7,1167,1503.82
6,1020,1550.54
9,1163,1544.7
6,900,1478.53
9,1183,1206.35
7,953,1237.55
7,915,1608.92
7,1126,1736.21
9,946,1763.5
8,1193,1129.55
7,832,1450.05
7,1090,1224.79
9,993,1470.02
6,1111,1322.07
9,960,1532.85
7,853,1089.72
9,805,1340.2
9,1117,1768.53
8,907,1028.99
8,837,1104.2
8,1106,1588.21
7,824,1178.86
6,1105,1283.96
7,1165,1135.12
6,932,1497.49
7,1075,1356.84
9,1103,1337.39
8,829,1487.89
9,975,1277.24
9,826,1403.07
8,1169,1572.8
7,1118,1033.63
6,933,1335.99
8,963,1579.96
1,576,2373.15
1,152,2209.06
10,512,80.42
14,504,2259.82
4,328,1501.71
4,901,86.96
8,911,492.05
8,1049,526.75
3,519,360.18
12,788,421.27
12,1129,1234.3
3,793,1975.29
14,659,1076.39
14,89,1652.22
2,1014,1680.98
14,904,1248.44
11,368,1514.77
7,817,2113.72
12,624,2351.83
13,1146,427.72
3,213,2375.24
13,1064,1186.78
11,513,1428.36
13,446,1531.67
11,560,947.22
9,270,1056.21
6,298,1793.43
8,291,411.83
13,627,1729.02
8,1132,627.48
12,509,2475.72
6,223,2209.25
12,1014,847.28
1,53,1381.07
4,1068,1056.57
11,1047,1596.76
9,56,197.71
13,437,1777.4
12,97,1248.58
4,51,173.85
9,1063,1609.01
9,1082,995.41
11,488,612.55
4,410,329.09
1,603,1650.51
11,443,1578.59
13,913,2242.16
3,1056,92.97
12,65,2436.96
1,940,2332.81
8,222,2360.99
6,304,1093.53
12,768,443.16
12,1085,1149
10,113,2082.66
12,117,586.42
8,807,773.93
6,1190,1834.53
4,43,1867.22
13,1045,2409.07
9,997,497.5
11,541,385.08
1,48,843.74
1,75,114.73
5,1034,723.89
3,71,1557.64
9,515,756.5
11,1124,1932.8
1,583,2410.52
9,350,269.75
11,1166,538.75
1,667,2006.02
3,743,1107.23
4,182,159.32
7,85,1790.44
4,691,1656.88
8,1084,658.58
6,602,1875.89
1,542,662.37
11,79,1288.84
13,688,133.25
10,539,305.48
4,255,2434.3
7,842,1199.6
1,134,754.27
11,1183,690.6
7,174,1182.78
14,26,1295.7
5,910,310.13
12,591,2344.58
10,1148,1253.14
1,1153,640.68
11,804,593.41
1,975,1343.91
2,1052,1311.89
5,703,2310.77
9,994,2301.21
2,201,1655.83
2,161,1029.57
5,346,871.39
13,357,934.61
6,1029,2050.57
8,579,2268.55
13,420,2369.66
7,1150,2287.73
8,932,1924.74
7,977,2230.53
6,922,1712.35
1,600,1935.12
11,481,1804.18
12,1200,198.12
4,163,1099.16
13,509,22.91
3,676,1242.67
1,1189,1464.17
10,684,641.56
11,1081,614.35
2,593,1716.87
10,445,907.42
4,1090,1617.95
5,1084,106.66
11,696,859.36
6,879,1293.9
7,659,626.92
3,14,1435.31
11,1106,1083.85
13,549,95.78
5,1014,1117.39
4,574,1650.5
13,500,1514.8
1,780,221.55
5,733,900.57
2,381,1987.64
1,22,1427.07
2,286,647.92
4,205,2460.47
2,1034,794.3
1,188,1564.89
8,860,2376.18
2,203,1419.05
1,615,730.72
3,284,1599.53
4,922,118.84
13,484,1526.43
7,688,452.7
10,1127,1869.42
12,880,1363.64
5,808,579.68
3,505,694.38
13,237,1239.24
6,527,1789.29
11,359,1094.25
12,1190,862.07
11,1104,1108.62
7,669,950.57
5,361,163.23
6,383,1543.06
1,510,725.45
6,1188,488.9
10,711,1368.93
13,603,2228.88
12,37,43.66
1,172,787.13
3,158,2306.7
11,69,1913.18
12,284,662.12
10,140,368.35
5,632,1545.73
8,723,902.34
12,1076,1001.43
13,876,891.84
14,833,2422.03
6,459,593.63
13,1202,824.34
4,56,1735.86
3,266,2172.78
10,519,1526.43
14,1094,2182.28
7,435,2479.02
9,699,2009.79
10,266,594.74
11,964,2283.57
11,825,1321.23
11,11,2099.14
10,357,2269.01
3,485,2077.18
3,459,198.79
3,9,1047.09
3,838,397.08
11,997,588.91
13,882,1693.29
12,1027,873.45
3,1073,989.19
6,256,1138.83
7,909,189.71
7,460,1113.62
9,683,1513.82
8,819,1838.36
3,157,1527.37
10,473,1533.74
2,1106,1360.12
3,219,2024.08
14,567,2180.32
7,386,1244.22
5,716,523.74
10,490,1941.6
2,507,2294.64
3,973,2384.47
6,345,2002.71
13,888,1686.78
3,656,1642.27
12,732,839.55
5,1204,2342.56
2,870,1743
10,564,2459.18
13,1177,1097.08
14,261,2156.06
11,1135,1682.88
3,1022,1891.89
10,374,620.2
5,133,894.29
14,1084,1376.89
7,1094,1630.05
9,1058,1583.86
4,104,1526.31
6,581,2384.41
2,1192,576.89
3,146,546.62
3,559,1448.86
12,1183,613.48
2,22,2257.38
11,429,577.44
11,784,508.24
8,918,1524.35
13,723,1949.98
4,725,1440.29
12,1052,815.85
14,901,1261.51
13,1001,1699.89
12,468,1645.68
4,563,1926.83
7,345,1660.76
11,602,1634.67
5,598,1097.35
13,966,1499.92
13,464,970.14
3,283,1269.46
6,1118,1403.27
10,745,2247.07
7,1093,2257.72
3,548,349.79
4,320,575.74
12,936,1654.16
8,460,2403.57
12,393,1282.42
14,1144,1943.83
6,321,1639.35
11,1126,2477.21
10,93,1484.8
11,1196,1931.08
13,819,101.93
12,554,1915.1
7,280,374.74
8,403,1576.88
4,985,2239.09
6,610,1985.99
4,454,1022.79
3,676,2070.13
14,183,232.13
11,684,1584.13
5,614,1985.91
13,65,151.94
6,214,1974.21
10,863,2117.18
10,185,84.54
11,996,326.3
11,456,2092.42
9,1148,2108.95
14,245,1630.06
5,286,1233.52
4,77,895.96
8,191,766.46
2,241,918.64
2,778,1420.74
1,749,2354.17
7,227,540.16
6,832,1663.49
7,848,200.25
9,748,455.86
6,780,1489.85
7,120,2150.42
5,67,846.38
13,559,2320.49
9,1100,347.01
5,596,710.14
9,348,1190.46
7,119,182.73
12,1042,347.8
6,400,834.93
7,683,1657.6
10,142,246.28
13,985,341.57
2,697,720.17
14,955,2406.18
1,1040,1618.05
13,145,968.78
13,765,876.94
7,658,2149.8
11,97,522.99
14,434,2023.28
13,198,2341.11
11,556,363.1
13,572,10.34
7,449,1763.9
9,331,2070.01
3,478,1010.31
12,208,1540.87
14,115,1272.87
12,297,2372.64
5,540,1556.64
4,207,2458.49
14,145,1235.63
1,984,564.51
9,462,964.16
3,121,2319.92
4,717,1735.25
8,1045,283.42
4,666,2188.11
13,412,1319.85
5,1060,273.14
8,113,2418.47
14,738,128.67
8,820,1055.48
12,9,1415.28
7,625,836.48
1,202,761.3
8,352,836.61
14,778,1213.02
12,213,2322.06
2,964,597.26
10,950,2113.39
5,293,1170.63
9,1089,53.53
8,936,893.86
8,106,1837.68
1,925,2262.04
2,593,24.75
11,614,111
12,649,2065.18
14,473,1033.67
8,554,480.4
5,1043,330.74
14,432,1448.6
6,952,463.65
14,1189,321.94
12,542,2249.76
9,580,1275.75
8,152,1219.63
9,309,460.93
13,481,2069.53
12,1087,699.79
14,138,1319.25
7,907,2061.37
14,791,552.2
4,477,2198.19
4,1130,1304.39
11,858,1060.51
7,283,380.62
12,422,2321.63
9,843,874.3
4,600,1346.45
9,603,877.96
12,965,2345.38
2,642,632.56
7,525,1992.53
2,1106,1109.85
7,1103,2390.78
8,1017,1332.77
4,1162,1165.14
6,510,1568.37
4,512,1317.65
9,1152,2070.68
11,256,1501.78
9,400,604.22
2,446,892.69
2,138,2401.44
5,764,728.66
4,426,1521.33
11,506,1571.75
11,1046,1099.46
3,958,1206.36
10,30,869.54
13,813,25.12
5,328,851.76
10,196,1145.73
4,1044,764.26
8,909,1065.44
14,68,2216.81
12,465,1932.45
3,33,1537.58
7,672,1279.62
8,727,1037.24
1,258,187.35
14,1018,1740.67
1,675,1989.7
7,681,1212.42
9,471,1924.01
7,791,1427.08
14,509,1357.03
5,748,334.13
6,61,433.64
12,293,714.34
6,224,449.44
14,101,2119.72
6,768,1967.49
11,866,1224.07
4,162,253.47
1,1138,1413.97
5,732,1542.85
9,455,1134.02
11,21,1978.76
3,604,2159.71
11,737,504.04
8,909,2084.56
11,571,327.26
9,522,1351.55
13,202,1124.59
2,1124,1367.83
14,587,2002.28
10,665,2386.27
9,121,57.81
8,622,2309.96
5,131,461.6
9,406,1553.75
13,993,833.49
13,308,1396.63
5,288,596.76
3,738,1352.85
11,620,604.47
12,324,354.97
13,69,2402.65
13,125,164.64
11,117,1449.35
12,421,1156.8
12,122,2499.74
13,902,1805.97
13,395,2080.24
8,141,2173.95
12,749,358.9
10,882,145.96
5,1052,1256.63
11,156,848.03
4,616,1896.26
5,1162,758.67
2,409,722.18
1,83,1652.36
13,531,658.32
7,784,222.22
10,970,2139.95
8,113,1018.79
10,1007,1328.27
2,164,576.55
13,670,1064.88
8,70,2313.66
6,1177,2301.83
13,51,2453.23
1,546,254.8
13,72,178.62
10,741,1759.38
2,683,253.52
11,390,573.71
2,1149,1784.39
3,860,1178.75
12,358,1882.65
2,476,1763.38
11,809,2189.02
2,317,1832.14
6,748,1367.4
8,430,100.08
3,1047,1477.38
6,106,1547.44
12,203,711.88
2,1119,1356.53
10,884,755.47
12,398,1090.47
3,250,365.14
13,514,34.11
5,481,285.05
1,1037,2006.96
7,172,2031.9
1,83,1215.47
13,343,660.97
3,95,874.8
5,517,770.83
9,419,756.4
9,195,2459.09
10,922,1264.65
12,1002,1807.74
7,1150,1699.98
1,1108,1294.75
11,962,1478.25
8,914,1964.3
8,488,557.08
1,391,2419.83
4,250,693.46
10,60,806.8
3,924,2320.59
8,607,698.48
6,972,2183.79
13,1005,834.83
3,937,2272.37
6,473,16.51
12,487,1031.18
11,883,251.1
5,627,2240.75
5,1200,1156.11
14,620,1569.24
7,1166,336.46
7,810,1087.88
5,286,599.71
4,1182,1126.79
2,153,2314.97
6,1028,272.31
13,268,1122.84
3,307,1755.74
11,313,2298.74
10,791,1658.47
9,471,330.38
7,459,846.47
8,341,1823.02
6,191,501.66
9,377,2425.88
1,628,1581.87
9,406,299.16
10,997,881.4
4,344,1710.78
11,1117,1174.86
1,149,2493.15
4,202,138.02
14,374,262.35
4,369,2122.13
11,1029,1950.14
6,820,1917.58
10,679,1753.2
3,456,1404.93
14,461,806.99
7,462,2231.6
6,526,2406.96
3,276,2031.19
8,20,1483.23
13,627,1426.65
1,670,1988.67
10,383,2082.33
3,296,2166.12
12,163,2100.56
13,771,2481.54
12,1006,2480.21
13,1011,844.18
2,130,1977.52
3,129,1010.9
14,356,83.15
8,52,1260.64
6,255,1967.03
13,269,213.95
13,535,2048.26
9,918,708.33
4,733,375.04
7,470,1247.13
8,923,1106.17
6,32,2298.24
11,704,339.88
8,795,82.82
6,48,2272.74
11,960,130.71
9,336,51.53
2,439,1975.43
1,1179,677.79
9,310,1042.56
1,507,1860.17
2,93,2129.84
4,857,2032.03
12,329,489.6
10,787,605.54
12,753,441.53
2,1025,817.17
7,51,2013.84
8,779,2125.77
5,537,196.09
5,895,1337.73
2,21,1580.31
2,451,441.24
4,370,1197.7
2,926,682.45
2,605,1778.58
4,661,717.98
12,114,2496.43
10,989,401.78
13,234,891.34
4,270,1138.77
5,958,2142.52
12,578,218.37
7,307,1920.85
1,182,2201.62
4,787,1789.88
14,1077,2277.9
10,1107,1335.84
7,646,1312.27
13,628,260.39
2,662,272.79
13,115,1660.5
6,793,900.51
8,103,2000.07
2,710,1154.72
9,488,2275.11
8,928,1294.01
3,920,1825.2
7,19,1682.59
5,168,2394.89
6,457,698.73
10,1122,1526.39
14,459,2396.34
10,1186,2275.97
4,1062,731.35
12,364,883.19
13,634,836.91
11,58,1441.81
3,559,2262.05
2,555,631.38
7,979,2299.81
5,109,1855.21
14,103,1495.45
1,763,1869.21
14,75,302.17
14,26,1762.67
7,747,1416.67
1,700,1774.48
14,539,1580.25
9,34,1728.98
8,354,2465.96
9,200,107.34
2,685,1716.58
12,1159,1415.93
13,289,908.33
12,607,957.66
10,1151,1948.86
5,885,1226.68
3,958,1160.25
14,326,1927.37
3,921,1199.16
3,848,2007.92
9,122,1236.33
2,1182,1586.03
12,418,1040.68
11,1174,1029.91
9,493,209.28
4,648,212.45
11,987,874.72
6,38,2065.07
11,907,439.28
4,79,138.46
1,907,1381.15
10,175,399.05
5,557,561.83
14,313,1576.35
2,982,668.62
3,961,2337.89
5,862,2197.62
8,896,2494.5
9,226,1018.54
12,667,1746.16
14,570,633.94
11,628,244.77
8,480,1178.35
13,848,1007.82
6,139,1853.11
12,84,1947.11
10,322,1954.49
12,1202,47.09
1,175,988.5
8,639,1078.71
3,957,1583.91
2,977,949.8
8,52,1503.66
12,252,2019.55
5,397,2364.04
2,43,2170.63
11,405,1311.09
4,464,1411.68
7,343,2011.58
12,487,1505.94
4,193,1004.75
13,576,1807.79
3,845,1212.19
11,903,2039.87
6,869,110.72
8,1031,1289.16
6,748,1057.75
13,1197,2139.22
1,1150,1081.28
9,818,289.89
13,655,1479.98
13,238,1507.89
6,98,2004.13
3,205,898.92
2,1196,1017.47
9,1120,2050.66
4,488,2430.04
9,532,2476.61
3,493,1421.2
2,304,302.32
7,536,2253.63
8,183,804.61
4,57,1647.63
7,1125,463.35
13,1121,1182.53
2,208,1816.26
1,839,1747.73
12,94,1716.53
13,244,561.64
2,894,287.48
12,453,840.07
6,269,1184.94
1,953,1516.77
9,122,2085.35
10,470,539.81
1,951,841.82
8,200,1406.73
4,1021,985.65
3,1115,2031.4
1,1183,2400.74
11,1088,2089.02
7,708,915.33
1,439,1543
4,968,478.19
3,1049,1348.38
12,394,1642.37
10,479,1204.02
1,957,2001.22
2,904,2055.61
4,654,78.49
14,982,554.99
14,254,136.32
1,938,591.86
1,584,1935.55
14,1135,594.91
10,282,2455.51
8,963,1811.22
8,987,487.93
12,255,1349.04
8,600,9.34
11,11,1449.22
14,335,1940.42
1,314,1228.63
14,709,1336.33
10,964,416.03
10,855,1111.35
5,288,267.07
5,143,385.25
3,907,1435.63
10,644,408.5
12,728,2430.88
7,220,914.34
12,1047,2372.76
6,577,1406.16
5,232,1362.3
8,657,2033.04
1,205,2271.51
10,375,419.63
12,847,2418.87
14,195,1161.66
8,45,207.78
1,307,1916.15
6,389,244.11
1,951,878.61
6,450,494.88
2,670,1659.62
14,77,956.42
6,135,2059.96
7,991,1019.58
4,241,536.45
5,171,721.03
2,281,604.26
13,761,525.21
8,853,178.69
9,143,2409.24
12,410,346.61
13,1194,1658.45
10,224,2252.51
1,334,29.88
2,1010,2136.19
3,49,1490.26
8,93,326.83
10,885,345.37
8,15,1927.26
10,356,464.56
10,785,1660.56
14,255,2499.49
12,1058,791.78
4,381,681.79
2,353,208.51
9,57,1218.18
14,168,576.18
8,1118,668.88
9,235,1229.26
1,93,2433.19
4,1172,2415.18
3,167,99.39
4,350,84.6
5,1072,2278.13
9,669,1220.32
5,574,33.78
2,26,960.9
2,751,902.76
8,38,1618.13
9,399,1059.51
2,537,1884.35
10,763,1923.7
1,573,182.24
2,267,2462.62
7,437,242.43
7,468,1178.59
12,229,1191.87
12,476,1589.08
11,247,1329.13
3,1120,2437.33
11,742,1569.42
3,397,2003.96
13,670,1553.47
1,425,2292.36
11,135,2220.48
14,20,241.91
7,581,990.82
14,812,450.11
9,56,567.31
7,277,2478.07
7,402,2432.25
5,522,1530.52
5,1081,1311.05
12,1027,548.01
12,275,2354.38
4,288,2038.13
13,586,115.09
3,527,1182.56
5,881,646.59
13,150,289.93
5,860,1866.25
4,725,2087.26
7,436,1116.61
14,530,655.51
14,1054,1816.81
6,1166,2343.86
11,722,2474.54
3,201,261.52
10,957,132.57
6,714,681.67
14,1012,1824.19
7,314,1341.75
6,1010,173.28
2,943,1876.23
2,900,698.52
11,831,1551.61
12,446,2318.21
11,1149,1098.46
4,959,1978.22
13,756,650.74
12,94,572.92
14,1109,2097.26
7,689,1833.03
5,27,321.49
4,620,977.92
9,401,437.98
2,359,1980.32
4,1150,1137.87
6,48,2217.52
6,448,1102.5
9,613,1374.8
11,155,1045.41
11,892,1170.9
1,1187,1878.45
2,93,1205.92
3,769,1168.99
10,526,1171.27
3,846,481.33
12,160,987.85
3,966,2347.12
11,129,696.05
2,695,189.18
5,482,442.34
7,235,1036.95
3,1106,761.82
10,468,1190.58
10,607,350.54
7,755,2335.81
12,182,1541.63
1,505,695.44
8,342,2207.93
2,692,1665.46
11,545,857.08
5,780,783.5
2,535,1276.57
6,764,1981.09
3,737,1747.96
12,737,1648.85
13,1101,1665.9
13,521,1956.1
6,920,908.17
4,97,1733.84
14,165,604.66
8,40,2497.08
6,25,1873.73
6,631,1804.44
5,856,1881.85
1,1125,251.52
6,944,1419.27
10,884,1375.26
13,929,895.25
7,615,1725.6
2,258,1851.67
1,778,1401.91
6,909,483.15
2,398,1146.6
12,415,1735.36
5,267,467.5
3,38,134.2
4,981,512.32
5,191,281.27
12,1006,27.76
9,672,280.93
8,433,494.58
2,1053,247.51
12,252,72.79
9,1014,726.81
2,1143,1090.56
9,27,124.64
14,440,492.03
7,996,917.37
9,400,348.29
14,153,1648.37
14,325,1917.94
6,991,762.36
7,601,2084.07
4,66,193.47
4,281,2237.36
8,1184,559.23
3,806,603.44
5,933,684.4
5,64,1925.94
2,10,2468.9
13,633,1913.2
1,1174,2014.99
5,273,2051.57
6,258,388.32
14,1010,1197.93
2,76,1863.02
11,980,1304.45
14,456,55.16
4,196,1594.87
8,669,704.06
12,413,1099.97
4,505,305.45
8,38,1163.2
2,388,357.87
1,1026,1731.84
5,1046,1420.76
12,955,2030.96
2,402,532.3
8,875,2382.09
1,763,579.11
12,297,607.34
10,380,623.88
9,1040,202.57
12,364,2358.68
1,685,2423.88
4,465,2200.53
8,496,2492.47
8,378,540.54
10,9,75.85
6,760,598.96
14,539,1339.42
13,320,1637.62
11,760,222.95
7,1185,1309.04
14,790,2301.5
11,258,1856.19
5,342,753.55
6,193,1987.01
3,1136,2213.6
7,193,539.76
6,495,1597.88
9,495,735.61
7,745,1028.31
14,1035,144.92
9,775,747.08
12,27,1678.69
13,991,566.14
9,1064,556.11
10,620,2182.45
14,26,2032.26
11,250,2303.63
4,337,1551.02
2,115,1426.07
5,372,1950.43
11,884,2184.96
1,97,1248.7
11,391,1690.8
7,232,848.84
12,240,319.22
14,50,1216.45
13,345,1002.51
13,597,1538.32
14,42,540.45
13,556,220.52
13,435,552.1
9,773,382.58
7,939,2321.24
12,321,790.83
14,883,1991.8
4,269,254.42
2,376,2468.65
4,1068,998.25
12,876,488.6
8,929,687.79
6,810,1597.46
14,863,1036.23
5,345,2089.38
2,51,1965.74
1,527,2167.9
5,1203,1618.95
7,1043,1087.28
2,114,585.19
7,1086,1548.12
8,350,101.95
4,102,882.32
13,145,1949.63
12,420,287.26
3,595,2212.22
1,1064,124.37
7,1007,2153.18
3,919,2393.78
13,723,1900.1
14,737,1580.84
9,457,847.77
7,463,1793.96
3,811,2340.91
14,759,1652.93
4,984,2065.77
6,5,2166.25
6,489,410.91
10,384,163.08
5,559,1368.42
2,815,587.78
11,456,1610.88
13,521,791.92
2,397,2236.31
14,1052,1173.38
11,171,2091.98
9,474,1703.77
8,373,1794.87
7,972,222.91
13,426,2364.09
6,690,2226.09
14,566,2164.53
6,123,250.62
12,448,241.75
5,84,850.76
8,676,946
6,1012,2127
9,756,1860.43
8,192,2278.86
14,693,1162.36
11,167,1650.67
4,386,1653.51
6,372,1700.9
6,669,1709.68
3,949,2352.16
13,950,944.6
12,406,206.15
5,375,1068.58
2,406,861.17
9,724,1777.16
12,166,1298.49
5,839,1582.38
2,784,336.59
6,600,863
11,87,483.93
2,129,1411.96
3,42,1483.93
1,1132,966.51
3,339,90.94
2,692,1370
2,879,1122.19
6,395,2242.9
1,142,1686.33
1,547,718.83
1,5,2465.44
10,489,2089.81
1,1125,62.49
3,340,622.45
11,218,1930.88
5,994,1746.53
14,817,252.07
14,57,1555.07
5,581,2398.47
5,1012,1998.03
6,402,1847.32
5,598,2046.02
6,522,1846.9
2,565,1354.23
12,475,1760.23
10,235,1908
6,647,742.82
3,681,417.43
12,575,225.66
10,704,407.08
4,482,1632.64
6,114,202.02
3,924,1908.7
11,868,1119.83
5,1158,1243.58
3,207,2413.5
7,1049,666.36
11,393,324.73
13,152,2204.34
13,1080,1339.97
6,20,1553.83
8,867,458.73
11,821,2062.85
2,196,1253.07
6,178,1057
6,126,1465.52
4,1138,1389.01
6,660,360.19
1,962,933.13
7,1003,2061.37
8,1189,828.62
7,1150,1819.28
1,1071,2492.84
7,324,2287.77
7,786,2434.4
6,570,1650.91
13,746,1891.31
14,94,1236.9
14,819,769.01
5,834,1426.61
3,315,1518.61
11,676,1814.38
1,944,1843.46
6,309,1725.42
10,954,526.79
2,734,1928.85
2,1183,2210.85
3,671,1408.73
13,117,438.49
2,895,227.1
5,709,2332.09
10,391,2360.12
2,93,1404.2
1,306,1232.02
11,678,181.13
8,232,1629.16
13,118,786.78
2,601,345.56
3,854,28.92
8,388,2026.62
5,1076,1768.72
13,693,737.48
6,31,2433.74
13,1126,2130.1
10,1044,1778.3
13,995,977.22
9,957,434.3
4,1020,1098.21
9,682,226.49
4,41,2157.93
11,366,561.47
6,1003,2364.33
1,712,533.19
7,753,992.95
2,40,1208.23
13,28,1442.51
10,866,1723.99
1,709,1856.15
11,88,1886.62
3,1067,661.38
3,687,2167.43
13,165,2116.28
2,556,339.52
7,194,1086.92
1,486,1923.41
12,1135,490.97
13,1082,455.67
5,435,1559.16
3,1140,46.71
3,264,2367.19
11,809,784.4
2,25,28.56
5,583,130.4
8,1198,965.46
8,362,1696.9
1,1036,693.83
12,732,191.77
7,779,1994.95
3,501,456.95
6,261,308.11
7,1097,902.92
12,335,1933.64
5,732,1868.89
8,903,1538.82
11,1155,2427.34
1,532,2093.51
12,901,687.17
14,726,199.77
7,851,2344
8,718,1873.02
4,672,2018.44
5,549,2148.52
14,1181,907.21
8,46,305.14
13,164,1394.17
5,182,1152.56
12,837,710.51
3,778,2149.56
4,1103,45.53
11,965,364.3
13,323,980.81
7,25,1970.35
4,929,213.35
3,413,2200.26
11,952,1758.23
4,1147,1045.94
11,349,252.9
5,447,1243.44
9,385,973.11
7,626,1147.75
9,991,1671.4
11,720,1355.82
3,543,155.31
2,79,116.49
4,485,593.34
7,617,1410.67
13,247,2003.32
8,963,1851.99
10,376,1240.59
5,779,1000.15
12,783,2313.94
10,698,2451.7
12,462,1878.35
1,842,457.85
14,820,938.43
8,849,1321.2
6,178,2420.59
8,838,2415.72
14,566,1662.61
6,63,1245.98
12,761,1828.17
5,120,1727.74
10,16,888.4
7,248,1113.56
4,890,476.83
7,622,1194.22
3,923,1970.43
6,775,2017.53
8,50,927.05
11,1052,605.34
1,264,322
12,642,1615.07
3,424,2165.02
1,765,1960.15
6,87,133.24
5,785,150.66
14,257,1814.05
8,557,2149.09
13,245,2354.78
12,415,207.73
14,436,2325.48
2,898,1142.71
6,267,575.33
11,824,1183.56
12,871,441.38
7,427,538.91
1,544,711.82
2,537,1086.81
6,1193,1490.92
8,1153,1552.2
9,65,1102.55
2,42,748.7
14,557,19.78
1,144,1298.18
1,944,810.58
12,384,2487.62
11,950,40.46
8,1165,502.38
2,421,1571.09
8,125,1855.04
13,672,578.19
12,930,907.55
8,202,584.98
5,33,1871.2
12,740,1966.62
4,1011,2258.35
3,84,411.52
11,1154,2311.52
13,870,567.78
10,1112,1248.29
9,986,2337.84
4,453,652.08
7,969,144.84
4,278,393.12
11,466,1401.87
10,622,2075.87
8,100,547.47
11,489,528.7
14,74,2497.72
3,530,133.81
4,395,850.57
5,744,193.86
11,950,773.92
3,846,1962.48
10,1149,1162.81
3,980,585.77
14,492,259.31
12,152,788.12
12,106,1092.7
13,534,1888.46
1,872,532.93
12,622,1525.66
3,766,1058.34
7,5,2475.44
10,77,8.86
14,343,1026.04
3,971,2385.43
14,588,1211.44
13,273,1989.94
2,1128,310.69
7,329,1973.88
9,947,6.74
14,337,1956.54
13,590,687.7
6,429,1920.31
5,707,2471.93
10,107,114.74
1,143,1474.34
11,518,164
7,494,427.23
6,246,1211.01
6,542,1061.17
14,566,978.56
4,254,2214.11
9,592,897.79
6,157,1553.69
13,175,797.5
1,780,1712.61
14,211,891.32
12,955,1054.6
14,343,319.16
13,450,1706.39
11,71,2116.44
10,604,1997.87
2,657,2042.77
13,451,113.93
2,853,1464.25
13,800,1712.91
10,551,1609.79
10,420,158.88
5,430,1950.36
2,1164,2467.35
7,1115,1110.17
11,209,1321.33
7,980,852.42
13,107,1839.97
1,880,1603.52
3,960,1339.47
6,344,2365.96
10,849,1918.72
1,795,924.08
9,227,1272.62
4,980,352.59
11,613,2061.07
13,463,1361.38
4,172,254.95
11,41,1612.76
14,634,2321.69
10,1104,2370.31
6,62,1507.79
8,39,1145.52
4,704,213.27
4,724,766.72
9,1012,2164.32
13,521,318.22
6,691,1623.42
5,884,639.47
5,243,597.23
6,104,1527.88
8,407,2182.51
5,26,1535.47
14,124,1654.45
9,1135,115.64
1,549,12.3
10,69,621.07
6,722,1978.43
13,1186,898.17
7,821,1018.11
11,358,1201.55
10,1201,1812.61
3,129,1646.72
7,586,1098.41
9,682,1370.63
4,1193,1609.3
1,1158,1145.75
8,111,2488.38
4,419,1358.59
7,417,2360.14
12,474,370.81
10,1056,676.75
13,88,1001.53
9,885,299.46
2,770,686.09
2,980,48.16
7,817,1340.08
3,86,1326.81
3,1079,2389.38
2,895,611.68
1,1014,884.87
2,702,2383.28
4,1105,1375.58
11,609,203.98
2,445,1521.54
11,642,2232.36
6,281,456.98
13,879,2239.02
4,933,558.71
4,684,303.82
12,154,1476.25
8,826,164.44
7,597,1839.85
13,843,2037.91
9,840,145.94
13,552,2398.65
14,1198,831.63
11,760,1427.37
8,85,510.92
2,264,416.69
7,571,322.67
7,412,1247.38
13,214,1444.71
1,959,381.43
11,667,1765.7
12,675,2082.81
6,381,895.76
11,276,2060.94
5,67,783.62
2,127,774.91
5,743,1555.6
10,238,45.92
1,58,153.85
3,232,1298.16
7,783,1507.57
13,727,861.11
11,240,2355.56
13,814,2000.42
5,737,1814.67
11,1129,958.32
4,1043,2437.02
1,930,1750.75
9,1195,364.24
5,731,2468.74
1,1065,708.81
5,152,1985.64
3,1068,1624.48
14,254,2426.36
12,832,364.41
9,649,2178.65
2,847,924.45
12,1200,562.52
9,409,1230.53
4,783,1017.02
6,498,999.59
4,68,1150.29
11,1088,2491.15
5,411,773.62
13,181,1351.54
13,1166,1806.59
3,855,224.07
14,411,1424.28
1,42,149.98
11,1117,2158.19
4,96,1357.46
12,375,2185.37
12,340,1483.16
1,427,1068.9
14,238,1722.18
11,1164,1962.15
6,395,1713.24
6,290,2461.98
2,585,444.23
3,692,1954.21
12,906,835.91
6,392,1410.45
7,62,1204.71
10,912,2478.01
4,271,899.59
12,868,1017.21
9,660,1096.46
10,1134,12.67
2,79,147.44
14,405,1958.47
2,426,209.01
1,429,17.56
13,830,319.21
9,416,450.16
10,812,1786.77
6,873,1221.41
2,914,2488.4
11,919,1926.12
4,1025,1247.58
8,97,1472.96
8,321,2405.56
11,54,793.23
11,68,499.96
14,13,1887.77
2,154,1343.51
11,522,1030.15
5,232,1139.25
4,947,1001.22
9,625,1309.51
4,1160,2420.51
13,950,613.14
7,125,422.62
2,830,1666.99
5,868,862.23
14,263,1746.88
1,879,803.12
2,926,181.69
2,1078,865.96
12,633,76.33
2,284,2279.52
2,1092,711.69
9,570,1571.82
6,595,1116.69
14,615,1009.58
4,1050,244.09
13,481,1411.07
6,323,333.26
11,1003,1548.92
14,632,1336.17
3,1126,2222.63
4,430,936.69
8,324,1206.34
9,448,129.88
14,1184,843.51
10,1143,292.21
3,286,835.32
11,312,2013.26
6,861,93.81
10,394,229.73
3,449,314.32
5,1090,44.31
4,201,74.58
7,1099,1875.44
14,563,2222.82
14,257,1005.14
14,297,786.75
8,1053,248.06
2,469,488.31
8,680,999.14
14,39,1904.51
9,901,206.01
2,280,439.82
6,453,1632.96
7,346,1911.23
5,145,170.66
3,513,1300.19
4,550,440.89
6,805,202.75
5,615,802.83
11,1167,955.37
7,571,431.99
1,458,535.28
2,186,1537.68
12,1132,2199.08
4,408,2305.39
14,418,1511.34
14,652,2246.42
3,39,2202.27
5,595,1518.66
14,674,2284.81
1,525,1672.62
11,278,252.43
8,687,412.11
7,667,1930.09
8,741,694.4
9,430,2168.05
5,910,363.27
14,837,700.84
10,1021,1070.91
7,547,1617.82
1,653,981.41
13,659,2175.58
9,927,1234.22
9,973,551
10,655,2001.64
6,773,849.63
13,301,195.03
13,531,1399.79
13,164,851.98
2,911,971.3
2,1029,2077.34
8,860,2127.97
4,334,1752.36
4,156,421.95
5,226,2206.13
4,1050,171.71
6,904,82.4
1,154,227.51
5,704,1273.02
13,581,2176.69
12,914,851.86
9,1007,296.97
10,487,851.45
5,1112,1756.41
7,988,1753.28
7,653,1145.8
7,20,974.11
2,620,1863.77
4,235,525.93
7,944,2424.38
10,716,1323.38
8,603,590.86
6,828,1717.66
2,93,1981.68
12,360,1970.27
13,1081,846.42
10,322,1710.07
6,183,468.23
12,297,82.78
8,217,2391.3
13,767,2424.05
4,508,1899.9
5,658,721.62
7,129,1726.49
2,700,1136.79
7,1088,190.43
12,985,2274.41
8,351,1807.41
8,995,1859.14
8,388,1817.16
10,566,48.55
14,993,856.95
4,678,1109.46
12,66,1980.38
12,387,343.46
9,143,2108.64
7,41,845.85
12,180,520.18
7,14,1969.61
11,186,1766.08
3,800,1838.58
8,280,1447.4
6,1110,1253.26
10,1027,110.93
9,58,537.51
3,848,619.88
8,851,2030.94
8,773,2396.89
7,679,1363.4
1,739,1699.97
14,656,34.75
1,548,2421.57
10,9,348
11,1198,891.25
2,52,1259.02
10,991,1450
2,629,795.29
6,456,1692.3
1,737,453.73
13,373,878.05
3,238,1110.66
1,11,1143.22
3,135,77.72
12,356,2364.96
5,1181,1846.46
3,539,388.71
7,792,512.82
12,1060,1577.67
7,1050,2185.3
6,1177,415.86
12,864,2107.39
8,279,1429.42
9,235,2395.25
7,647,1186.03
3,627,1769.96
11,1165,1542.42
10,402,592.51
4,566,121.92
13,892,1333.73
7,346,1828.97
8,455,1500.02
9,869,1112.59
14,1186,1512.27
8,202,2086.34
13,202,1075.02
10,405,2217.07
2,538,2229.03
9,1067,133.18
9,1083,380.44
7,303,933.17
6,499,1877.37
2,665,1706.44
14,998,2102.29
8,293,2087.16
5,381,2137.11
9,538,1750.31
4,1112,2497.51
6,984,574.99
11,1077,2378.56
10,686,196.09
2,544,2164.18
3,311,2256.82
6,499,1989.47
9,1201,1557.51
5,134,394.74
13,294,602.17
4,135,1603.32
14,1164,2149.8
8,849,1872.81
8,928,53.94
9,987,1533.3
11,433,2037.92
12,188,2239.08
9,1120,826.45
11,326,286.77
10,400,256.32
11,540,1506.33
1,483,291.38
13,1021,2452.04
13,772,1951.77
12,1125,2222.83
5,955,2127.63
14,492,794.74
3,910,2083
2,833,2142.84
12,709,2305.08
1,24,463.85
4,1200,2176.09
8,1010,299.06
1,336,1541.7
13,707,2222.27
14,1096,118.99
6,831,619.13
3,1176,2084.7
4,1154,2275.89
13,47,1196.67
4,312,2398.66
9,295,1660.48
14,581,600.11
6,972,1498.28
7,587,139.31
12,1186,96.52
4,851,721.05
6,840,518.05
4,594,113.89
6,70,520.73
2,47,951.75
9,679,1062.15
5,14,502.65
4,504,1880.11
6,296,553.76
3,1043,1848.13
8,1002,1616.72
11,764,1585.96
8,295,2442.96
12,812,1825.43
2,870,2034.98
2,451,1753.52
10,485,1616.06
14,530,2223.31
1,107,1532.55
1,632,403.43
9,928,293.47
8,1069,831.69
10,437,2383.07
6,1137,1302.66
7,1117,1814.55
2,657,469.54
2,341,478.55
10,789,1952.74
2,464,1006.05
6,1000,2368.67
9,596,144.55
13,814,2457.81
14,434,228.1
4,1153,1692.94
7,1056,426.84
14,461,117.28
2,1092,995.93
13,767,555.33
12,1124,2112.82
5,1130,568.04
8,1198,1484.45
4,367,2128.56
5,1118,831.32
13,249,1063.87
5,625,1954.84
14,725,2254.83
6,640,1754.75
9,176,2100.18
5,42,1217.91
13,1043,1466.65
2,824,849.27
7,269,277.63
6,510,1372.37
3,927,918.74
10,114,1460.36
10,171,533.15
10,247,871.31
13,625,416.64
12,192,2443.79
10,269,1557.62
7,1078,989.54
9,611,743.43
2,795,1373.51
5,381,2014.98
5,128,193.2
12,79,1444.85
9,129,1631.16
12,1095,2298.23
12,963,1876.39
1,416,663.07
1,1131,85.33
11,237,1275.07
12,947,2096.19
3,35,1208.46
12,796,1948.97
6,547,87.89
8,1100,172.78
3,275,1882.82
3,670,462.31
11,1176,1549.88
1,832,2390.95
1,16,1569
13,488,1402.64
9,899,1356.99
2,930,1556.3
9,694,102
1,590,748.81
2,929,2396.03
9,243,2126.53
12,919,2272.84
8,211,2200.83
5,735,1918.76
4,1179,2057.74
13,490,61.28
14,364,1980.97
10,505,2398.7
14,150,900.94
12,655,1757.86
1,241,422.79
5,902,2409.6
8,679,742.12
10,618,2295.45
2,691,71.84
4,407,402.68
9,1185,1939.61
11,739,1686.62
13,719,446.77
12,323,43.84
6,172,2101.2
13,698,2247.89
12,359,2229.78
8,1037,505.26
12,363,1158.43
7,455,2341.67
2,1011,890.16
13,678,882.91
4,870,2086.18
8,642,1004.89
12,641,131.36
2,292,1609.12
6,684,59.68
13,191,1494.22
14,1053,939.88
9,1024,696.22
14,617,1339.7
14,1053,1344.13
12,1063,2324.25
10,489,1085.57
7,563,1550.47
2,1030,435.93
2,1175,584.82
2,958,1599.41
7,343,133.26
3,625,1871.01
10,176,1066.84
8,1163,1722.35
4,313,871.32
12,1064,815.8
6,435,2462.44
10,396,2113.73
12,484,1189.75
6,247,1467.93
6,941,2050.88
2,60,633.49
1,255,1056.02
2,1008,52.08
5,35,2240.91
10,56,462.81
7,1114,2043.96
8,728,1491.99
10,1169,1403.11
6,434,1871.4
13,919,31.55
9,732,416.87
3,213,151.62
3,841,587.22
8,756,2162.73
3,1116,1492.29
4,997,2194.66
1,530,923.75
2,784,655.16
1,1127,1571.35
2,316,1556.33
5,506,1684.44
11,364,496.68
2,650,700.98
7,570,1162.48
7,917,726.07
13,963,914.26
4,707,503.7
4,24,2187.71
6,57,77.5
1,688,647.83
12,1060,769.67
13,174,903.45
12,515,1545.08
7,81,1692.93
8,624,2212.89
8,289,1654.44
6,1040,1928.26
12,1036,2204.49
4,1128,687.59
10,890,1474.45
2,1125,2269.73
8,530,2057.78
3,884,632.99
7,68,1565.7
6,716,2294.54
2,234,59.32
11,974,1898.28
14,361,1951.23
10,311,749.62
2,773,2087.12
9,605,379.27
6,662,1896.65
1,175,2235.97
10,565,960.52
2,947,2230.96
9,30,1612.94
2,1062,231.98
5,1127,1879.24
12,891,756.03
11,281,2287.74
3,69,939.88
14,103,540.64
14,520,1428.94
3,765,7.49
13,128,1585.58
9,966,1446.37
4,1195,376.18
6,196,1196.34
12,929,1120.92
13,437,952.57
3,1021,447.96
7,779,2356.19
7,919,408.98
2,227,1320.82
4,115,2311.89
11,724,1899.95
9,235,684.27
1,697,1319.41
14,905,2013.85
7,521,1319.28
3,853,844.1
11,374,2451.68
13,1019,731.21
2,342,2307.08
4,239,872.8
9,1175,602.58
1,833,950.73
3,1153,39.86
13,787,252.97
4,297,1534.92
1,238,538.95
9,488,1895.64
1,588,153.61
3,788,2346.14
1,349,2464.17
5,904,1505.17
9,703,1685.51
11,740,1223.18
3,557,2163.25
4,558,1866.02
2,233,440.34
11,284,87.82
6,1167,749.26
12,728,1844.33
7,947,405.38
4,756,2170.9
13,612,1245.22
10,153,2297.49
7,279,1106.64
8,439,1295.79
9,888,385.69
9,237,1964.41
1,572,73.87
14,1163,1193.88
9,126,1094.04
3,745,650.32
4,706,226.22
2,1084,86.49
11,1055,2115.13
10,25,1091.65
4,203,1724.23
11,939,1520.03
8,1144,2359.25
10,78,968.7
10,372,2310.08
8,298,1966.07
7,822,162.24
9,863,1281.41
5,593,1568.2
11,173,2209.78
12,1070,681.46
8,179,2302.91
14,874,1244.62
2,916,1738.89
5,1101,1221.9
6,497,585.3
12,45,539.58
5,827,2487.13
14,175,1756.74
1,1111,2250.84
7,708,219.88
9,1149,1407.2
5,85,1708.07
7,887,907.68
4,1191,1548.65
6,552,1376.9
2,924,2255.38
1,218,1817.28
5,588,1208.03
1,602,1666.67
14,952,2296.86
1,411,1726.5
6,772,2488.79
12,422,1187.5
8,1148,710.92
12,1129,1260.37
3,110,2149.62
5,82,1721.2
6,628,1176.33
9,392,1666.06
1,1061,2423.58
5,775,261.84
7,290,804.84
5,607,1683.54
4,503,1355.37
11,785,1888.59
4,670,2138.26
2,207,1641.82
4,462,711.37
1,360,1343.63
11,519,279.44
14,794,2291.21
4,521,2239.9
2,124,1515.36
12,864,2248.11
1,1100,2237.42
12,275,1833.05
14,1100,2090.83
12,628,1463.09
10,321,2162.27
4,714,2295.42
6,524,2051.45
1,326,1530.04
1,704,319.85
10,316,1500.32
11,1024,1516.93
6,907,1864.59
6,931,1050.94
14,1182,1200.8
6,619,1750.72
12,601,1962.04
10,1173,29.39
12,462,288.59
2,433,1348.83
5,867,2006.32
11,68,1894.65
4,1033,1604.04
1,269,1976.36
12,74,2033.31
11,747,866.65
13,152,133.68
11,1082,2489.92
3,399,2017.71
13,823,1984.05
14,1162,1035.09
1,584,1280.85
8,503,24.31
7,280,1714.34
6,1121,2092.41
12,740,1028.31
11,445,1303.25
4,438,825.07
14,773,1515
6,1028,1799.92
14,428,1590.37
1,1181,1869.37
4,1081,1561.79
12,1119,1926.73
1,543,240.17
3,256,616.93
1,940,2068.47
3,978,540.25
11,1031,533.76
13,56,731.39
9,912,2442.8
2,370,1001.78
9,1035,191.52
14,343,626.84
2,18,1790.24
13,54,1981.27
11,254,1660.26
7,926,598.97
1,212,1740.87
11,498,1237.86
4,1164,1640.49
6,109,2243.2
11,435,312.22
13,835,1898.95
8,215,1602.22
2,755,1993.85
1,607,1535.02
3,922,1212.76
5,998,1645.09
14,939,61.48
10,594,567.85
2,302,306.53
3,423,806.96
4,621,1536.89
8,383,351.28
3,529,2345.74
13,742,740.44
10,245,1282.75
11,1131,1644.15
12,736,1809.17
8,905,2233.3
4,673,2314.71
5,771,2454.2
3,502,2233.37
10,906,1497.3
12,731,718.24
4,1156,1863.57
12,836,2138.92
13,1134,2228.38
14,632,574.39
8,874,2345.93
4,605,1764.23
8,469,2226.76
7,890,2437.39
13,207,560.73
5,196,1046.18
13,981,1216.6
9,1014,1067.16
14,645,590.55
7,628,276.73
12,198,1234.85
14,909,1866.05
3,839,2389.45
10,541,2348.93
11,353,1166.49
13,699,1828.01
7,700,87.49
9,695,1196.76
3,758,28.76
1,526,1436.18
10,398,1972.47
7,119,489.11
5,328,1407.98
9,520,2225.99
8,1172,1793.6
10,909,2090.7
9,613,1355.93
14,556,126.95
1,992,866.17
11,298,922.98
13,1142,2449.01
8,910,1786.24
8,199,1708.9
14,75,2255.61
6,1091,596.66
12,283,358.33
11,744,895.82
8,769,568.03
4,629,1552.13
13,746,64.64
2,997,2080.47
12,773,2134.31
14,495,1899.26
12,957,1238.52
2,910,1923.58
5,873,148.06
14,590,2426.65
9,196,842.01
7,537,2296.27
2,1010,1044.25
7,623,1998.75
3,92,1255.37
9,680,119.21
1,355,1744.84
5,630,1489.4
7,23,1448.35
8,509,2409.19
5,168,860.33
11,339,1335.18
8,692,2310.85
8,898,955.91
14,876,1918.33
13,1064,763.94
2,394,176.04
2,564,1494.46
1,282,1274.29
1,1117,1466.1
11,1176,1212.94
7,259,547.19
10,457,2348.18
14,477,1350.05
1,109,1504.66
1,560,1948.14
11,1033,2391.86
9,1085,2361.25
9,946,711.94
12,238,1198.09
4,340,44.69
3,656,571.2
6,759,628.18
5,447,2267.71
9,281,1413.38
7,344,1678.65
4,1119,1750.32
5,521,2153.27
4,899,1070.34
8,537,2062.29
6,488,14.46
6,540,2155.6
6,1034,1975.28
12,841,1694.26
10,931,1463.01
11,745,1983.21
3,715,1856.01
8,296,593.4
4,458,745.55
9,1166,720.24
1,718,747.7
2,1134,1139.41
3,871,1423.35
8,619,2456.36
6,646,247.17
14,888,797.37
14,661,1463.71
7,24,811.8
8,833,2044.49
2,775,685.22
13,240,480.58
5,1010,1477.58
1,542,2167.76
10,845,2079.96
6,1137,1824.34
8,596,2259.68
13,105,502.77
3,1164,1413.78
13,268,345.13
5,581,975.86
9,540,1230.51
10,790,408.39
13,11,2353.86
9,82,2208.82
5,1139,297.7
5,497,497.57
9,1120,585.82
9,661,14.05
13,1056,831.26
2,341,1414.37
2,181,1607.58
8,1137,764.11
5,96,2181.98
8,366,201.8
1,370,1513.71
3,711,1995.44
8,577,249.11
2,733,293.92
3,427,579.29
2,460,34.55
3,199,1861.86
13,512,2313.72
2,997,91.4
10,338,2138.54
13,1126,557.21
13,468,1045.37
3,1008,2501.91
12,1181,796.06
14,583,1308.61
8,445,228.42
2,600,1940.33
11,1138,1401.24
9,195,1326.68
14,730,866.74
2,266,2119.23
13,409,820.12
11,385,1654.53
3,125,2120.2
3,818,955.8
2,1197,701.61
10,169,2478.28
5,740,1458.18
2,916,2374.36
8,1148,180.89
11,486,2420.19
5,163,596.58
2,233,1070.02
9,526,462.04
4,919,2456.25
8,818,241.97
2,655,1246.21
4,1145,299.26
5,994,181.33
2,571,2199.38
3,329,888.12
7,159,682.06
2,365,11.28
6,872,1038.08
12,354,378.99
10,314,159.92
11,960,1816.98
3,1166,356.59
12,981,1183.2
10,34,1008.94
11,228,2325.31
13,415,1988.38
1,1190,2159.46
12,77,449.98
12,501,1765.78
6,1063,1148.02
6,970,2333.05
1,895,523.06
12,356,511.04
4,447,811.08
13,847,766.51
1,1102,122.35
6,784,852.13
7,1119,811.17
7,33,2458.22
10,1044,1810.59
8,802,432.73
8,854,185.36
7,633,2018.86
3,791,2476.14
14,1177,2310.37
7,1106,1481.5
3,622,2115.9
12,338,2293.36
7,700,1300.59
2,769,492.02
11,88,2415.55
14,151,161.05
10,778,2495.38
1,300,1067.37
1,287,162.22
11,226,74.57
3,62,1653.23
13,217,1222.84
7,1093,2452.47
5,751,399.59
6,189,1400.22
14,1096,132.24
12,119,214.08
1,781,1879.26
5,617,2140.76
12,813,694.43
10,235,1807.21
12,1126,2463.8
12,53,13.7
4,837,1575.64
5,372,429.81
9,1113,2392.78
13,522,204.81
8,1117,397.95
4,374,838.28
12,955,1180.66
8,204,1021.68
2,209,1827.38
11,1159,2131.64
7,576,1446.71
1,466,1974.74
9,930,1561.39
11,1018,730.26
11,721,811.76
14,967,1907.51
6,652,1549.86
13,529,208.67
3,931,2093.23
5,1083,788.17
11,171,1303.78
13,695,162.6
13,457,1104.08
7,517,741.22
4,842,1620.59
7,679,1233.56
13,746,1143.14
14,237,1810.22
13,1183,1395.35
14,1017,1297.94
5,62,634.56
3,930,1245.04
7,892,1017.52
6,443,1244.16
9,107,26.33
2,874,546.66
1,77,2097.69
11,1033,1492.46
3,169,1950.58
1,1011,1729.37
10,928,2376.17
3,665,612.06
4,762,1609.62
8,503,2334.48
5,956,1737.78
1,697,324.83
5,120,830.66
11,505,2013.07
6,652,2401.9
1,57,1034.18
1,232,1351.84
13,755,1967.37
8,848,2065.91
7,684,1615.5
14,985,820.09
4,992,855.62
1,705,415.99
12,817,1475.33
8,513,1018.07
11,936,123.81
13,1114,1191.58
8,151,1158.94
10,896,2348.49
3,313,1106.62
8,694,2472.77
5,903,1617.63
6,1171,1620.46
6,914,2132.81
12,203,140.2
10,812,828.4
3,197,1450.76
14,1053,694.32
10,1029,1812.81
7,512,996.83
13,159,1274.39
10,1037,505.68
9,871,973.3
5,283,584.97
4,81,748.32
7,679,571.08
1,1098,2232.36
9,924,2448.86
8,890,141.74
14,391,1807.07
10,1139,287.14
2,621,1829.01
13,41,987.53
11,452,951.44
6,100,1358.49
2,670,977.28
13,656,1677.7
12,1091,2127.14
6,436,863.08
10,276,263.81
6,1184,193.66
2,1078,1250.94
14,1091,1797.86
1,519,838.23
6,1065,2354.31
11,706,655.72
11,1127,1530.67
5,103,2125.48
13,825,1345.43
2,891,456.5
6,296,2441.08
2,538,1730.53
10,518,566.56
13,52,988.08
2,22,1327.87
3,622,718.72
9,312,2461.64
1,332,2091.06
12,593,2367.49
7,514,1263.73
14,330,938.05
11,459,1252.75
4,219,2379.92
9,27,1929.56
3,160,2310.14
14,1202,1377.25
3,875,2274.34
10,562,944.86
11,654,300.54
2,12,1667.5
13,551,2115.76
10,173,2363.17
4,588,1730.87
7,266,214.05
3,622,1251.44
14,351,2382.64
5,604,1423.42
6,1058,1860.5
11,1195,1852.81
9,359,307.32
6,172,1582.96
12,466,2075.78
6,479,2319.91
14,172,282.4
8,1159,1621.54
9,59,284.74
8,342,2245.83
4,959,1561.03
2,1144,1786.74
10,1026,308.28
7,415,115.72
4,569,849.62
11,535,1312.88
1,104,1130.15
9,310,2118.19
13,160,1299.49
4,374,2467.5
6,694,1938.45
10,15,951.42
12,1146,2373.49
11,104,2416.57
4,770,2211.62
14,362,1122.69
2,320,125.91
2,232,1675.71
9,869,266.51
6,711,1710.43
8,864,1412.68
4,66,448.88
3,6,2403.76
1,1013,1274.31
8,1097,775.1
12,831,1746.32
6,1105,558.69
12,750,1944.18
9,998,1829.57
9,355,712.25
8,381,1914.75
14,618,1473.06
9,810,824.65
5,460,2071.96
5,781,890.68
5,885,600.99
12,1150,2275.86
1,920,2321.29
8,984,505.26
13,70,949.45
14,239,1329.69
3,1190,1007.56
2,946,469.49
10,582,858.93
9,1036,1679.54
8,303,610.49
5,796,878.39
11,18,1547.38
13,1184,313.41
7,21,1933.68
11,291,157.56
3,630,495.89
13,84,1997.66
12,246,2264.56
14,303,695.56
9,477,786.06
13,894,2201.94
8,267,1783.99
14,296,2050.11
1,832,475.68
7,150,1803.93
6,131,594.41
8,188,909.43
10,422,956.87
12,129,332.85
12,174,71.96
4,947,1006.93
6,275,257.47
13,413,1698.28
3,309,1581.24
2,177,2338.93
11,811,1265.63
2,262,2023.89
3,1070,1756.38
7,929,748.63
3,194,1740.75
11,724,608.53
14,1098,242.95
1,1042,1842.3
7,354,1698.06
10,465,174.57
1,644,637.03
14,113,304.33
5,155,182.33
13,1148,1834.38
5,1127,1307.78
1,855,1113.26
14,297,684.62
3,259,43.27
14,488,155.66
3,280,2326.02
5,354,1122.34
12,490,562.68
14,1132,1090.29
3,779,956.33
1,866,1399.94
6,241,1648.61
10,971,2048.05
12,950,849.7
6,1166,833.38
14,22,1367.34
6,72,1140.85
13,488,2502.71
10,1151,853.43
9,1133,552.84
10,219,1764.66
8,569,1509.39
9,225,49.86
5,954,1187.97
1,533,1914.76
7,869,263.06
13,940,2466.91
11,1071,931.13
12,661,1842.59
13,237,716.4
6,559,1764.27
6,354,528.22
9,406,256.94
13,475,1890.05
14,269,704.5
14,28,1200.31
2,291,475.31
2,755,1208.75
14,383,1185.58
4,947,482.99
9,387,1845.6
5,1053,1371.16
13,636,1292.86
2,69,158.81
14,1061,247.98
14,1092,2017.53
13,813,1482.7
3,1080,401.39
10,350,910.83
10,120,1702.63
13,491,1644.2
13,182,2474
12,950,1476.36
12,241,915.63
9,532,1068.9
3,890,143.37
10,395,1084.65
3,1141,709.25
12,51,209.09
10,1023,565.71
1,173,115.49
12,969,912.74
2,885,446.13
1,1058,551.28
8,360,2417.9
2,229,2144.46
11,1135,1050.9
10,758,576.72
12,870,1242.91
14,526,1762.91
9,482,66.46
14,774,1236.22
5,558,1906.87
13,1118,913.89
9,179,47.43
5,23,593.68
11,120,1904.58
8,764,2262.67
9,427,1805.55
6,21,439.68
11,556,2234.42
13,1166,1080.18
1,84,1685.76
8,1120,73.03
8,210,295.93
12,400,1310.11
14,481,2245.19
10,469,1622.57
12,1085,1580.2
10,523,2251.35
3,790,1932.96
2,280,589.78
1,76,1779.23
6,682,1901.86
14,950,1872.32
11,701,1056.91
7,937,2205.91
6,80,626.58
10,338,1743.66
4,174,2340.75
11,1173,2196.14
2,264,1974.56
1,738,1401.91
11,326,2245.47
14,1100,733.49
4,510,486.22
11,678,1328.9
13,1041,342.12
3,674,2482.12
7,844,1290.35
3,537,1202.88
5,890,699.84
4,316,1981.57
14,762,1656.48
8,421,38.51
13,205,322.76
14,676,1951.47
6,706,2158.94
3,390,508.09
10,342,1192.02
7,429,1224.56
3,889,2252.66
8,839,1374.73
11,1001,2349.18
1,1086,1523.47
2,316,857.9
12,710,929.78
9,5,2142.47
10,428,2146.49
3,1179,412.37
4,229,2390.01
11,343,519.02
8,175,1202.83
2,360,1743.98
4,494,1767.78
10,1062,1884.7
11,238,1462
4,478,753.35
5,609,2232.53
5,506,1760.51
6,394,837.4
2,467,2205.58
11,1021,2314.2
11,551,1803.43
5,593,1687.02
10,865,886.38
8,427,1422.29
13,768,1582.64
10,455,1507.87
11,903,1814.1
13,532,2124.65
13,681,231.51
14,1005,433.32
9,322,1381.58
10,15,932.33
5,1047,1893.69
13,190,2384.65
14,558,2328.59
11,310,1045.05
13,750,848.45
7,1090,1318.86
4,204,468.73
13,450,758
2,1012,294.55
5,811,1504.54
14,1058,633.52
4,1112,2109.23
1,697,2019.71
2,167,773.02
1,843,1385.13
11,994,526.1
1,997,2411.48
13,411,684.04
11,827,2087.47
7,1193,2220.19
7,243,903.95
7,1021,1716.61
3,28,768.96
5,366,2081.51
12,109,549.86
6,318,1552.66
11,851,180.43
6,99,879.93
11,295,1933.93
14,278,903.28
12,289,716.09
6,210,187.03
3,566,2047.2
4,420,1354.92
4,370,1569
7,811,2059.44
5,1125,2376.67
5,917,866.83
6,815,2088.38
11,586,1235.33
8,432,1219.51
5,279,1605.64
4,83,1706.5
8,972,478.56
5,487,1141.21
12,988,1222.44
4,42,879.19
3,973,623.3
8,1179,903.76
3,676,227.2
14,197,1707.13
4,580,2199.14
7,42,1889.73
2,979,1076.09
10,739,2027.81
1,1012,1823.95
13,834,2304.94
11,822,2288.9
3,563,808.72
13,135,1911.42
1,914,917.33
3,315,666.07
12,664,614.88
13,124,69.79
7,910,2487.83
14,596,2250.94
3,911,1994.97
4,258,2149.86
9,616,1929.68
1,381,199.77
9,657,2436.41
5,721,699.79
14,412,512.56
13,71,1735.36
10,835,101.55
13,59,287.66
8,855,2230.39
2,960,648.01
13,1065,69.15
12,743,959.02
1,709,615.38
2,1088,1927.06
2,928,284.26
9,133,43.25
13,756,566.87
6,967,980.76
9,583,686.58
11,258,2341.49
7,518,1327.97
5,889,539.99
7,1180,2005.65
11,299,1272.58
4,937,1763.74
9,528,1638.06
4,202,2201.42
5,1088,848.78
3,385,661.98
12,301,1540.1
11,880,1850.84
8,313,101.5
5,285,461.94
5,1090,160.49
11,455,1749.73
12,1054,2367.46
7,984,283.37
13,917,1348.78
12,931,416.59
7,1054,423.28
11,1046,1742.76
5,28,1192.71
13,764,1728.9
12,22,422.67
3,413,1748.03
5,335,1575.87
11,423,92
6,1138,1406.4
2,293,1622.13
8,1183,65.92
10,809,2382.96
10,1172,373.88
14,211,285.56
6,864,1914.13
13,971,1406.55
8,421,1724.36
6,1067,846.44
1,1203,902.8
6,40,908.72
6,278,996.4
4,636,2403.63
2,215,2411.01
13,804,1533.12
7,498,1525.52
2,1109,1005.15
1,365,2144.91
4,181,772.36
13,415,2268.35
6,1119,826.4
4,279,1147.44
3,529,2361.05
14,748,2401.58
14,1200,1708.77
8,193,405.3
6,833,1542.76
11,760,865.82
5,606,191.53
1,406,246.75
12,730,798.19
3,887,1016.74
3,239,1521.1
9,855,231.02
12,88,68.36
8,650,2205.19
13,87,1957.07
5,178,1706.04
11,595,2290.53
12,508,1031.39
4,270,1454.16
5,537,637.75
5,521,1645.8
6,659,482.09
7,1104,223.77
14,250,946.02
3,535,891.19
1,865,850.11
4,535,286.19
13,289,499.85
14,309,2260.06
12,1096,1631.83
5,980,1762.43
10,1157,2109.22
1,265,2049.06
7,565,2087.11
13,112,1083.08
4,186,1085.06
3,164,1760.72
7,1081,1470.76
3,100,1237.21
8,706,1936.19
12,140,1216.08
10,1148,1557.24
7,347,1335.57
3,317,1738.42
6,164,1402.54
9,987,1470.73
8,634,223.64
10,353,192.45
3,319,2394.14
5,442,1580.26
6,461,605.66
8,334,697.95
6,596,747.41
13,714,313.33
6,883,1185.32
2,588,1969.07
11,303,888.34
12,763,2276.47
7,964,781.41
11,281,2075.03
1,306,116.33
2,243,228.94
8,982,1279.18
9,615,1475.14
8,716,69.63
10,928,1638.16
9,24,620.56
14,238,525.79
3,604,366.83
11,137,1728.83
1,259,2306.57
13,1020,1874.71
6,516,284.72
8,1185,675.98
2,582,1883.45
4,375,363.77
14,452,2109.36
1,121,2341.02
6,238,81.46
5,1142,650.85
6,676,2040.89
4,1099,2257.46
2,183,1771.14
11,863,1435.31
4,578,1247.13
4,446,106.7
11,862,1925.31
12,1103,1647.44
1,884,2210.64
7,1069,1180.31
7,586,787.96
13,1176,1565.73
3,780,878.96
9,865,1671.92
14,168,208.35
3,660,1180.95
13,94,265.79
7,1061,390.62
5,513,2091.65
3,1170,1254.66
7,201,1013.75
4,531,2257.04
6,274,118.22
4,256,669.24
2,998,1585.97
10,316,839.45
8,987,1378.86
14,618,1420.54
9,317,1750.45
3,1048,221.71
9,535,855.3
6,1004,365.88
11,239,301.33
6,507,1993.58
4,139,827.59
3,673,1430.16
13,955,461.29
2,573,2161.33
8,720,776.95
9,746,1833.92
2,222,929.47
11,465,62.58
10,832,1806.33
2,408,2337.53
11,965,968.4
6,119,811.38
7,599,160.3
8,1167,2028.72
13,279,520.01
14,974,235.62
9,627,1639.76
14,760,747.74
2,796,1035.3
1,155,192.65
11,1003,2267.05
14,884,228.32
8,1083,976.86
4,940,893.93
9,82,1797.2
13,871,50.03
14,813,1619.91
5,946,1688
12,513,2457.28
4,846,1906.94
8,801,1484.09
3,834,372.45
14,499,1614.44
3,1032,2185.32
5,222,1642.14
10,677,1287.03
11,824,2454.45
3,1166,2225.13
7,1039,583.37
14,316,1703.98
12,472,1993.73
3,13,1171.87
5,870,2004.6
3,386,1408.95
1,786,753.65
6,104,659.54
13,496,878.87
13,868,1576
10,68,837.38
1,23,917.49
7,416,1819.81
5,333,401.84
8,554,2150.39
14,867,371.83
8,926,290.77
6,203,2256.39
8,258,2126.66
7,309,1644.45
1,1120,798.23
11,632,2485.06
14,360,580.54
9,881,274.75
1,18,2345.41
11,441,995.04
7,130,2471
4,562,1891.26
4,77,1070.99
7,124,1020.1
9,312,538.85
9,1078,2072.06
1,846,1064.95
13,98,1114.77
9,588,646.96
13,1186,1710.39
6,1078,1295
11,931,232.5
14,431,2137.56
1,415,2246.81
10,731,2236.49
8,290,1634.53
9,1145,138.84
14,181,875.59
8,556,2417.53
12,156,864.53
6,54,517.45
9,451,1747.32
2,764,1262.16
2,357,894.77
12,1059,1714.24
10,40,947.04
13,329,1922.34
6,1181,71.73
3,1170,1639.19
4,665,760.69
12,1089,1975.62
3,731,2455.53
14,802,2177.38
4,1178,1391.35
10,1149,682.03
13,546,1074.99
4,84,838.04
6,377,2002.64
5,342,421.26
1,802,1933.95
9,815,264.14
11,916,147.79
2,5,1392.52
9,957,1308.2
10,691,1545.03
9,97,1841.5
9,1010,153.77
13,274,84.22
11,342,1172.35
14,1034,1402.55
6,936,2362.74
1,428,702.14
3,200,1154.9
6,33,863.79
7,269,2112.91
2,689,1788.55
5,524,1966.85
5,1187,1030.16
3,651,1569.11
1,125,375.94
9,42,2177.21
12,436,1486.42
4,589,1153.62
7,358,1755.72
6,918,135.89
11,831,1196.25
7,812,1158.91
14,119,568.7
1,867,282.11
14,1147,1732.64
12,685,125.45
10,607,1375.06
5,716,2362.47
1,881,1828.44
10,1054,1638.34
4,1174,788.81
8,1097,796.42
9,1101,2440.42
1,652,14.95
3,190,1490.98
1,91,446.2
11,840,895.11
11,228,68.83
2,913,648.78
13,483,2073.11
7,921,1175.79
12,128,184.98
7,92,1340.11
4,842,1342.1
13,931,1278.23
11,797,1988.15
2,51,374.71
10,211,2381.05
8,883,195.56
14,861,2343.76
4,19,1519.53
9,1123,1533.39
9,1066,920.34
11,1136,1799.07
8,38,2224.46
9,682,1380.51
1,418,1531.82
2,745,2421.01
6,241,286.92
10,524,1524.31
9,5,2176.81
3,1096,600.46
6,1008,399.85
5,938,1191.41
1,1168,1644.78
13,108,1747.65
1,355,13.93
5,921,2098.1
5,723,2417.93
13,348,481.79
5,836,551.39
5,489,164.74
4,446,2439.45
12,106,769.26
9,655,552.86
9,1110,334.62
6,1200,202.4
9,265,1276.26
6,289,1276.98
7,802,17.33
14,1133,378.23
4,626,1976.43
7,552,950.8
6,191,1868.39
3,939,1018.37
7,732,2300.66
14,920,919.6
6,1100,350.15
5,634,794.17
1,16,1155.52
10,188,2160.57
10,369,154.42
2,754,437.24
11,1046,254.47
11,243,353.88
12,832,1169.47
13,513,774.18
6,103,810.4
11,954,889.88
5,572,728.02
11,1092,1819.59
3,396,1222.45
14,549,53.11
3,420,1303.11
4,739,160.63
13,976,82.94
13,971,185.28
10,188,996.97
13,725,2412.97
11,154,445.96
2,335,1514.12
4,367,1372.53
14,96,1266.35
1,371,669.47
11,853,624.89
1,1139,1537.28
9,441,443.17
13,525,1891.53
12,1080,2422.38
3,297,1005.46
2,439,1785.96
5,114,1162.99
11,356,1879.32
10,486,1563.2
1,685,1623.93
3,26,2389.5
6,370,99.4
13,970,1060.81
12,373,726.6
7,989,1147
12,437,599.92
14,27,201.18
13,930,1855.82
10,580,854.39
3,799,2388.16
4,703,809
8,481,1702.02
3,844,2358.2
11,1039,332.91
2,143,1924.26
9,195,556.06
9,921,571.58
3,200,1747.77
13,1131,276.99
8,140,1175.83
6,91,615.61
1,731,2409.27
3,948,707.63
1,568,2418.31
4,569,1139.44
11,310,1264.26
13,585,1882.21
11,262,2190.49
4,41,1349.39
13,726,1430.81
9,553,384.64
7,406,1621.83
7,677,594.97
8,747,1409.52
11,608,574.75
1,446,1928.55
9,243,2137.52
4,773,1717.97
10,774,886.9
4,214,727.04
6,282,877.55
11,1044,1044
9,822,1773.95
11,711,1049.83
12,942,488.26
13,739,1978
12,518,1248.01
7,1146,1018.88
9,325,1980
7,194,1650
5,369,2206.43
11,753,1209.01
3,1128,2130.31
10,1001,241.26
3,416,2350.42
8,95,2120.05
9,37,1039.97
10,75,131.2
6,179,853.39
7,1048,2478.57
2,711,1040.75
13,988,685.27
12,874,1156.39
14,290,2427.99
9,131,1446.01
8,362,403.08
5,393,1749.89
13,996,2417.1
3,115,75.19
5,151,1688.27
2,607,1411.39
11,49,2257.88
6,369,1794.76
7,842,407.69
10,203,978.92
12,25,118.12
7,66,213.75
2,495,1383.78
8,792,1177.34
14,701,2055.59
6,1117,1120.26
14,242,2473.65
13,77,932.98
13,440,1094.55
13,53,1659.19
7,1068,1801.11
8,385,420.6
12,399,1479.07
2,43,702.72
11,298,215.87
10,627,440.99
6,21,1903.22
6,767,351.46
10,303,2167.52
8,712,557
5,445,1700.2
4,1075,1460.6
9,709,1347.11
1,652,2499.67
9,999,597.03
11,421,1441.93
1,791,1132.93
4,1151,1477.33
13,570,1709.45
8,689,1984.32
4,54,899.71
2,343,1259.04
5,827,1950.24
3,36,2033.98
9,176,1025.82
1,244,908.86
6,465,469.93
6,983,813.44
13,244,1546.85
5,652,500.75
9,337,142.29
1,244,1494.81
11,548,1977.31
1,910,1708.13
3,311,1525.07
6,420,591.13
10,822,1821.44
4,958,1176.2
10,308,1962.77
11,402,2165.41
1,1059,2142.91
4,421,1051.75
3,636,218.68
13,563,673.64
13,123,144.1
6,661,110.71
9,860,994.1
14,908,1970.49
2,181,2312.22
14,883,1931.74
14,141,343.15
11,533,759.17
9,108,762.17
8,383,526.93
7,484,680.86
3,328,1192.31
6,170,2217.58
13,897,569.44
2,999,574.86
4,466,1579.82
12,996,2351.09
9,120,1123.17
3,672,1019.53
5,1131,2205.28
8,564,1513.05
11,1132,2279.81
10,1027,340.35
4,453,821.08
3,1188,1074.96
8,1182,776.78
8,237,950
4,909,826.7
7,455,1574.45
1,114,1596.22
1,717,194.05
14,9,2437.21
10,258,1590.09
7,425,225.58
4,399,906.01
8,1004,438.19
5,946,247.69
11,71,1562.2
9,300,1191.99
4,275,1099.26
10,518,706.92
8,761,2487.96
4,746,2475.73
5,740,1592.04
6,1067,1728.85
7,343,1091.14
4,378,1389.09
14,217,1087.46
9,931,2441.12
10,581,1867.26
7,1182,977.94
7,933,1845.25
4,952,1647.12
9,762,2197.27
12,815,167.42
12,706,714.38
7,763,617.05
4,801,795.51
8,864,2383.05
11,279,877.76
6,620,728.06
10,745,987.07
7,211,355.35
6,952,1167.23
1,1193,914.92
9,277,676.82
6,266,819.34
13,761,1636.02
8,598,1131.46
2,786,2115.1
7,595,2388.01
3,282,2393.75
6,343,1489.3
4,725,450.65
4,121,2113.45
9,478,491.76
4,346,1864.91
5,717,1915.38
5,484,695.25
6,139,1137.7
4,254,2488.76
2,201,976.77
1,429,2432.08
13,152,360.67
3,848,2438.06
7,985,2448.9
9,426,581.49
13,645,302.67
7,239,232.35
14,713,772.64
8,21,40.37
9,195,809.74
5,262,652.75
3,467,1750.87
8,460,2140.57
8,985,1160.5
12,1145,1037.89
2,349,2156.06
9,1094,1628.99
4,347,630.42
5,346,685.65
13,798,2095.44
5,1050,1005.33
1,1070,1295.9
9,144,1077.95
3,929,2057.16
3,758,917.31
12,886,1650.85
11,1147,609.17
5,128,843.09
8,1020,1085.46
14,1121,1819.76
14,954,985.59
4,721,2404.07
10,68,1290.67
7,46,654.77
9,549,1125.98
1,478,1539.39
3,791,1429.18
4,350,2229.36
6,706,331.61
1,800,280.07
14,736,1543.19
13,533,776.31
5,619,213.57
5,347,1271.54
11,116,1906.63
4,405,976.12
11,78,1873.47
13,568,1653.55
7,666,362.32
3,260,770.37
10,620,769.74
6,802,1210.31
8,247,78.25
4,543,137.18
6,119,121.63
7,763,1853.73
11,439,1983.16
7,1000,643.37
10,891,1574.39
2,357,1402.18
12,901,1150.2
4,826,2009.36
6,503,971.47
11,571,1036.12
14,727,1813.3
8,531,1493.4
10,1111,362.71
9,208,1668.52
11,386,43.25
7,208,416.37
3,1004,1894.24
7,299,2314.55
11,1121,657.16
12,27,2452.71
4,1092,472.13
11,885,964.27
12,534,1576.61
10,732,1069.13
11,1123,2284.64
12,1015,731.84
5,762,1908.14
3,342,2243.82
13,1181,1416.04
10,902,2190.22
3,884,819.33
9,179,448.37
6,426,52.93
8,919,2359.02
11,515,236.29
10,945,780.26
12,377,2481.36
8,138,2463.29
14,455,48.03
3,264,2354.36
9,684,732.59
7,626,986.24
9,247,184.94
4,26,1993.09
6,910,1740.88
3,880,403.97
8,733,1814.33
4,1126,575.24
4,1175,2263.34
4,401,1707.82
2,507,1073.2
3,1123,428.26
8,428,1314.24
13,217,917.81
2,1074,1892.42
8,195,2460.34
7,706,638.75
11,1071,780.12
10,981,490.54
6,1186,714.58
1,1051,1480.13
14,315,1665.45
9,153,687.47
14,311,2474.09
12,612,1028.85
8,607,2460.11
5,212,165.69
4,220,477.4
11,1050,2342.35
13,410,67.97
9,295,166.66
10,50,1738.77
14,24,514.12
7,530,2356.59
14,335,1167.49
7,743,904.34
11,864,926.26
10,721,1060.15
10,14,1903.8
10,1115,2162.08
8,893,1714.36
14,527,498.5
4,1149,971.81
2,717,2149.37
2,1195,1830.89
3,863,796.78
5,693,617.38
3,807,2067.16
3,898,986.7
3,589,988.65
6,389,1509.83
4,1199,2225.47
4,447,1004.8
14,755,720.18
9,869,2319.6
2,27,768.05
4,246,624.01
10,636,1580.17
5,246,1379.15
5,715,902.59
5,985,1743.56
7,327,1982.91
1,463,1570.92
7,812,86.07
9,656,2157.33
1,791,1445.37
8,642,289.85
10,911,1541.45
3,582,1839.77
10,855,1656.35
7,428,1164.42
14,539,983.47
12,576,218.48
2,862,1564.1
7,628,2359.88
10,734,2385.04
10,1135,1257.39
9,49,760.8
2,715,292.24
3,80,1798.45
14,1021,501.87
5,898,97.36
8,142,481.9
9,847,1633.02
3,715,847.11
8,1170,2415.25
12,513,612.66
5,790,1970.15
12,950,2181.73
12,506,1141.93
14,118,331.56
2,857,2171.76
9,610,1613.57
3,1195,733.57
2,1041,442.07
5,96,455.36
1,470,1579
13,688,1102.08
12,986,773.97
2,422,694.44
10,1092,467.24
6,261,1400.25
11,421,1390.43
6,192,2270.54
14,518,1778.81
13,1050,1957.15
8,896,1767.21
2,824,1683.58
13,951,1809.52
6,735,299.84
2,270,1098.73
2,367,413.77
5,734,2309.38
4,391,2135.11
2,445,1494.63
3,835,2030.46
7,658,1126.03
13,1047,1059.01
6,1117,2047.05
12,458,1877.29
5,797,892.83
1,962,1736.46
8,114,1464.11
4,1176,1579.23
12,1096,903.55
13,816,1647.05
5,108,1281.52
10,221,349.77
8,694,1150.87
14,18,944.91
13,631,81.32
9,976,593.12
1,1063,2201.08
8,1117,1740.41
11,526,486.53
10,584,400.17
12,272,826.18
2,339,341.65
6,160,2491.19
9,199,2207.5
6,480,1602.42
6,151,1273.83
2,49,1831.46
11,633,420.4
14,984,265.73
8,301,754.48
7,55,113.82
7,252,2140.89
11,247,258.77
10,352,2353.23
9,600,304.16
11,718,1414.52
2,1044,681.49
7,1161,952.84
12,836,2196.23
14,11,1697.03
4,740,1746.05
11,802,1590
9,53,999.6
6,997,1193.58
3,13,565.45
3,15,2050.2
13,1144,1667.19
6,859,305.66
13,491,514.46
6,84,1483.5
8,364,1919.53
2,400,8.83
8,34,2314.88
2,889,2303.61
6,386,918.59
13,931,2286.33
12,905,1897.44
1,167,518.04
8,237,1980.28
3,257,114.29
12,165,1157.97
1,651,2378.89
10,492,2082.89
4,241,1627.75
10,789,2209.48
12,943,1160.54
3,331,232.54
1,29,317.54
1,740,1820.81
7,529,731.56
9,787,517.73
11,818,573.81
5,265,661.67
6,667,1813.94
9,440,193.49
7,887,2110.91
3,730,1921.26
11,85,393.96
6,312,363.45
1,529,1271.2
12,97,1449.4
11,1179,776.52
6,68,617.84
4,832,2231.35
5,417,2043.78
12,257,670.28
3,405,469.97
9,128,393.98
9,27,1954.6
9,1196,292.82
10,824,170.82
8,101,1182.87
10,376,213.8
4,976,2005.43
4,163,570.61
12,926,117.07
5,626,2382.61
10,395,1962.74
7,1130,1346.26
9,612,1400.3
7,874,695.42
6,372,418.52
11,632,2378.61
5,468,199.81
6,296,1788.89
12,641,351.39
11,36,1349.28
2,213,2254.11
3,889,891.54
7,23,2231.07
5,267,1846.48
6,269,1590.2
4,1146,1003.98
14,619,1331.61
11,929,2413.5
14,477,1270.44
8,458,167.41
8,904,1921.07
3,120,1716.01
7,536,1054.76
13,719,1744.68
7,413,1847.98
5,709,2239.36
1,993,617.49
7,190,903.38
9,585,825.52
8,924,1256.85
7,414,1054.77
11,838,1182.46
9,795,2014.01
4,1010,107.43
11,243,1158.47
11,317,1401.92
13,483,2106.47
1,639,921.13
9,832,57.84
8,312,354.36
6,170,1338.03
13,1112,1628.26
11,487,61.38
14,165,1980.62
6,316,1500.44
2,77,2084.02
9,71,10.34
5,699,2192.7
9,265,436.82
8,128,2318.51
1,1040,196.61
1,7,2172.28
11,710,292.41
7,284,916.65
9,842,1095.27
14,976,984.58
12,176,189.86
6,600,1775.7
6,570,286.51
7,202,114.38
12,1183,387.99
8,629,647.45
7,194,431.23
2,1011,1710.69
14,122,2283.26
2,1152,828.97
2,1136,1894.36
11,832,328.39
2,761,1048.32
2,1179,1429.44
4,382,2285.55
13,72,716.1
8,768,635.84
12,1065,9.78
3,34,472.04
1,1184,108.84
11,71,2101.75
1,249,2328.76
1,103,2154.69
2,915,789.62
10,1147,438.72
4,246,1001.07
11,391,140.58
13,320,1247.43
4,1032,121.7
11,326,498.04
7,759,773.36
4,1187,1335.3
4,626,2082.51
12,614,39.75
7,255,2437.34
8,653,1453.58
8,721,1711.22
2,875,1340.46
14,660,2433.16
7,491,978.73
7,362,1906.55
12,943,2492.82
8,835,197.42
14,223,1156.45
9,29,1284.37
10,707,1223.95
1,828,1737.84
4,621,898.67
5,757,1585.22
2,937,1100.26
12,656,2004.69
14,721,1342.29
10,1005,1746.43
7,1000,2030.38
8,623,1849.93
13,106,815.99
9,323,2259.7
5,707,2104.49
11,479,829.8
5,68,1979.74
6,1051,107.89
7,510,1979.21
14,1149,2124.67
13,598,1147.08
12,953,1291.09
3,531,1260.7
4,35,856.02
1,1022,1533.19
6,601,1661.23
13,495,986.29
14,93,1958.06
2,654,227.42
7,546,984.13
2,336,555.15
5,1075,776.75
12,1090,942.16
6,305,1294.05
9,273,1888.03
13,299,286.52
11,295,12.78
7,384,2281.12
4,93,2431.68
13,954,299.49
4,346,1935.87
4,897,890.64
13,952,2128.23
4,821,2413.28
4,420,239.92
1,354,2099.13
5,954,1472.48
3,210,1311.76
13,989,331.68
3,1004,1666.11
5,488,1889.77
12,472,474.98
4,585,179.68
2,305,578.99
13,562,2363.68
9,432,451.06
5,823,2394.78
12,762,1900.94
10,162,2073.88
9,75,2295.44
9,1190,1720.9
12,188,272.21
3,234,1456.02
7,24,2182.62
9,20,1047.8
10,1177,277.7
1,681,610.25
13,705,1071.38
10,450,1917.69
4,253,1671.06
5,83,61.56
7,1052,269.59
4,747,1305.34
9,107,1509.79
13,353,468.53
6,1190,1731.38
6,410,498.59
6,382,117.77
2,677,1224.15
2,121,1831.62
9,933,1940.54
1,1082,1939.19
2,59,1342.27
13,840,1177.06
7,1200,1173.77
14,479,1191.27
1,685,1880.09
1,566,1019.05
2,618,431.1
7,747,1053.41
13,825,557.21
12,457,2495.7
4,26,182.99
12,458,2007.57
11,616,1199.69
10,666,2047.25
7,217,1808.58
6,1028,2463.13
10,460,479.2
3,922,26.49
11,569,1843.03
11,471,1327.03
4,861,2209.96
1,1162,2253.37
2,32,1611.2
4,193,2265.14
9,450,690.66
2,57,891.51
13,528,1799.12
8,520,639.39
6,394,964.15
1,788,2496.71
13,390,169.3
7,910,56.4
5,399,2225.31
14,1060,2256.12
14,665,488.4
3,460,383.71
9,53,1187.48
6,976,285.17
11,72,1414.53
3,784,2129.12
10,1150,149.18
5,859,1947.08
9,73,1253.79
4,601,2415.07
14,661,1472.9
5,509,2296.43
14,319,238.36
10,605,894.97
13,1119,1426.61
7,686,629.7
9,170,1587.64
9,1134,645.23
7,556,660.74
2,186,1894.99
10,369,1049.16
2,314,1010.7
5,406,2138.42
4,998,119.09
11,79,1026.73
9,283,688.67
2,1120,900.38
4,528,1721.31
2,1159,301.88
8,320,1019.8
13,919,1749.86
7,548,186.4
14,1148,1037.43
14,138,472
11,301,773.77
12,276,228.1
6,473,1913.41
11,1087,2481.84
8,571,938.61
6,83,2468.52
3,855,913.25
10,231,647.56
3,990,336.68
10,799,1544.97
11,853,273.09
14,381,1786.56
14,61,1206.8
12,204,1755.51
4,150,962.92
2,1072,1342.69
12,762,657.25
13,750,1121.16
3,855,830.89
13,1137,73.76
5,941,1131.64
3,1128,56.05
12,711,1215.19
7,875,1715.58
13,521,1323.17
6,936,1339.96
11,987,851.21
9,643,487.72
9,753,2070.68
1,424,232.06
4,116,1786.98
7,908,104.27
1,644,2032.91
8,276,272.92
12,1117,1122.74
7,541,902.58
5,22,1991.33
12,126,516.6
8,966,1288.8
5,384,682.89
1,78,15.66
4,576,635.56
14,321,459.62
12,724,1528.33
13,942,1625.79
10,888,2047.05
7,470,2180.22
6,1185,1661.14
2,133,1445.28
5,1060,1011.48
6,503,577.54
12,337,754.24
8,115,2109.91
8,619,37.37
11,211,210.8
6,632,2450.98
11,495,680.25
3,649,399.72
4,168,1990.25
12,232,1774.34
10,1204,478.08
4,876,2422.41
11,676,1635.7
14,255,677.74
13,862,1713.18
10,510,2131.47
4,374,2218.98
12,369,2340.73
1,961,1866.34
4,12,2247.39
1,212,843.32
5,469,756.52
1,633,430.16
10,423,2479.42
11,225,1876.62
12,537,1121.1
3,696,1602.94
13,713,333.21
3,234,1428.79
2,217,1784.81
1,1043,370.56
13,644,1044.04
12,1202,758.15
8,462,1164.86
9,1115,2190.16
9,553,1153.71
2,1064,1018.81
7,1175,1186.01
10,187,439.68
14,640,86.94
4,557,529.79
11,593,1135.8
2,614,1470.67
9,341,663.88
1,571,1139.62
7,868,2128.09
14,415,1141.4
6,317,2139.04
12,734,607.34
5,52,727.4
13,1079,916.66
12,207,129.93
2,773,1247.51
11,482,1008.29
8,300,864.83
8,239,1206.77
11,1128,290.38
10,43,1096.73
1,1146,888.94
10,524,261.56
13,992,1921.39
9,266,2403.86
2,1151,445.3
8,919,1936.24
2,324,2278.83
14,475,1031.2
8,51,267.06
12,794,1077.86
14,760,557.88
5,103,288.45
8,949,308.18
3,560,2146.99
1,323,80.1
5,45,2009.82
13,120,817.57
4,123,2169.1
12,32,1621.3
4,286,2301.8
5,1166,559.01
14,93,1380.24
12,1194,1168.58
8,101,106.88
9,289,2156.79
2,392,684.07
10,196,1476.57
3,564,1707.33
12,793,133.96
12,1014,1749.99
13,1113,722.94
7,713,1668.18
2,702,2320.74
1,1184,1508.72
12,1027,1865.49
9,379,765.79
13,133,1857.09
9,149,1078.05
11,340,902.65
1,415,2124.48
9,811,1875.67
3,191,163.55
1,680,855.31
5,810,426.17
5,1085,196.83
14,205,2352.62
3,868,163.47
11,394,593.25
10,1121,2117.84
8,257,1187.05
12,838,351.36
1,502,227.27
1,560,1889.62
5,1095,475.58
2,1083,715.99
2,518,1005.11
6,444,236.89
4,720,1948.76
12,66,1247.05
12,1151,2388.03
9,1020,584.83
11,600,2256.87
8,596,109.64
5,1118,1011.06
11,724,1157.82
9,443,1952.25
9,600,1064.37
13,1024,1178.81
1,549,1272.71
6,247,1433.99
3,278,2063.95
1,1062,1020.86
14,1157,2073.18
6,955,1546.24
8,232,2278.47
10,38,715.93
8,750,1314.39
11,199,119.49
2,862,1307.26
9,450,125.02
13,520,1194.06
7,7,2266.12
12,467,689.88
5,836,1026.8
14,714,800.52
12,1122,1684.93
4,1059,1992.17
1,83,375.49
10,54,1807.29
12,267,1811.52
8,988,542.49
3,385,890.68
10,644,818.82
5,331,1514.72
1,1163,1734.29
5,705,378.48
12,1106,2216.7
6,496,1686.43
6,522,1327.34
7,1142,1122.17
14,629,1789.06
12,497,1005.63
2,302,1690.67
12,1196,556.44
10,247,1374.35
6,459,978.5
1,58,580.52
4,1070,1968.77
6,925,1937.68
4,1075,880.78
9,590,745.26
10,798,2478.1
9,15,319.59
5,230,48.63
4,266,479.64
12,673,1863.85
2,703,1053.85
